0 verbose cli E:\nodejs\node.exe C:\Users\ADMIN\AppData\Roaming\npm\node_modules\npm\bin\npm-cli.js
1 info using npm@12.0.2
2 info using node@v24.17.0
3 silly config load:file:C:\Users\ADMIN\AppData\Roaming\npm\node_modules\npm\npmrc
4 silly config load:file:E:\Bhawa\royal-cut-saloon\source-code\.npmrc
5 silly config load:file:C:\Users\ADMIN\.npmrc
6 silly config load:file:C:\Users\ADMIN\AppData\Roaming\npm\etc\npmrc
7 verbose title npm install
8 verbose argv "install"
9 verbose logfile logs-max:10 dir:E:\Bhawa\royal-cut-saloon\source-code\%LOCALAPPDATA%\npm-cache\_logs\2026-09-02T00_00_21_235Z-
10 verbose logfile E:\Bhawa\royal-cut-saloon\source-code\%LOCALAPPDATA%\npm-cache\_logs\2026-09-02T00_00_21_235Z-debug-0.log
11 silly logfile done cleaning log files
12 silly packumentCache heap:2348810240 maxSize:587202560 maxEntrySize:293601280
13 silly idealTree buildDeps
14 silly reify moves {}
15 silly audit bulk request {
15 silly audit   '@babel/code-frame': [ '7.29.7' ],
15 silly audit   '@babel/compat-data': [ '7.29.7' ],
15 silly audit   '@babel/core': [ '7.29.7' ],
15 silly audit   '@babel/generator': [ '7.29.8' ],
15 silly audit   '@babel/helper-compilation-targets': [ '7.29.7' ],
15 silly audit   '@babel/helper-globals': [ '7.29.7' ],
15 silly audit   '@babel/helper-module-imports': [ '7.29.7' ],
15 silly audit   '@babel/helper-module-transforms': [ '7.29.7' ],
15 silly audit   '@babel/helper-plugin-utils': [ '7.29.7' ],
15 silly audit   '@babel/helper-string-parser': [ '7.29.7' ],
15 silly audit   '@babel/helper-validator-identifier': [ '7.29.7' ],
15 silly audit   '@babel/helper-validator-option': [ '7.29.7' ],
15 silly audit   '@babel/helpers': [ '7.29.7' ],
15 silly audit   '@babel/parser': [ '7.29.8' ],
15 silly audit   '@babel/plugin-transform-react-jsx-self': [ '7.29.7' ],
15 silly audit   '@babel/plugin-transform-react-jsx-source': [ '7.29.7' ],
15 silly audit   '@babel/template': [ '7.29.7' ],
15 silly audit   '@babel/traverse': [ '7.29.8' ],
15 silly audit   '@babel/types': [ '7.29.8' ],
15 silly audit   '@dimforge/rapier3d-compat': [ '0.12.0' ],
15 silly audit   '@esbuild/aix-ppc64': [ '0.25.12', '0.28.2' ],
15 silly audit   '@esbuild/android-arm': [ '0.25.12', '0.28.2' ],
15 silly audit   '@esbuild/android-arm64': [ '0.25.12', '0.28.2' ],
15 silly audit   '@esbuild/android-x64': [ '0.25.12', '0.28.2' ],
15 silly audit   '@esbuild/darwin-arm64': [ '0.25.12', '0.28.2' ],
15 silly audit   '@esbuild/darwin-x64': [ '0.25.12', '0.28.2' ],
15 silly audit   '@esbuild/freebsd-arm64': [ '0.25.12', '0.28.2' ],
15 silly audit   '@esbuild/freebsd-x64': [ '0.25.12', '0.28.2' ],
15 silly audit   '@esbuild/linux-arm': [ '0.25.12', '0.28.2' ],
15 silly audit   '@esbuild/linux-arm64': [ '0.25.12', '0.28.2' ],
15 silly audit   '@esbuild/linux-ia32': [ '0.25.12', '0.28.2' ],
15 silly audit   '@esbuild/linux-loong64': [ '0.25.12', '0.28.2' ],
15 silly audit   '@esbuild/linux-mips64el': [ '0.25.12', '0.28.2' ],
15 silly audit   '@esbuild/linux-ppc64': [ '0.25.12', '0.28.2' ],
15 silly audit   '@esbuild/linux-riscv64': [ '0.25.12', '0.28.2' ],
15 silly audit   '@esbuild/linux-s390x': [ '0.25.12', '0.28.2' ],
15 silly audit   '@esbuild/linux-x64': [ '0.25.12', '0.28.2' ],
15 silly audit   '@esbuild/netbsd-arm64': [ '0.25.12', '0.28.2' ],
15 silly audit   '@esbuild/netbsd-x64': [ '0.25.12', '0.28.2' ],
15 silly audit   '@esbuild/openbsd-arm64': [ '0.25.12', '0.28.2' ],
15 silly audit   '@esbuild/openbsd-x64': [ '0.25.12', '0.28.2' ],
15 silly audit   '@esbuild/openharmony-arm64': [ '0.25.12', '0.28.2' ],
15 silly audit   '@esbuild/sunos-x64': [ '0.25.12', '0.28.2' ],
15 silly audit   '@esbuild/win32-arm64': [ '0.25.12', '0.28.2' ],
15 silly audit   '@esbuild/win32-ia32': [ '0.25.12', '0.28.2' ],
15 silly audit   '@esbuild/win32-x64': [ '0.25.12', '0.28.2' ],
15 silly audit   '@google/genai': [ '2.19.0' ],
15 silly audit   '@jridgewell/gen-mapping': [ '0.3.13' ],
15 silly audit   '@jridgewell/remapping': [ '2.3.5' ],
15 silly audit   '@jridgewell/resolve-uri': [ '3.1.2' ],
15 silly audit   '@jridgewell/sourcemap-codec': [ '1.6.0' ],
15 silly audit   '@jridgewell/trace-mapping': [ '0.3.31' ],
15 silly audit   '@napi-rs/lzma-linux-x64-gnu': [ '1.5.1' ],
15 silly audit   '@protobufjs/aspromise': [ '1.1.2' ],
15 silly audit   '@protobufjs/base64': [ '1.1.2' ],
15 silly audit   '@protobufjs/codegen': [ '2.0.5' ],
15 silly audit   '@protobufjs/eventemitter': [ '1.1.1' ],
15 silly audit   '@protobufjs/fetch': [ '1.1.1' ],
15 silly audit   '@protobufjs/float': [ '1.0.2' ],
15 silly audit   '@protobufjs/path': [ '1.1.2' ],
15 silly audit   '@protobufjs/pool': [ '1.1.0' ],
15 silly audit   '@protobufjs/utf8': [ '1.1.2' ],
15 silly audit   '@rolldown/pluginutils': [ '1.0.0-rc.3' ],
15 silly audit   '@rollup/rollup-android-arm-eabi': [ '4.63.1' ],
15 silly audit   '@rollup/rollup-android-arm64': [ '4.63.1' ],
15 silly audit   '@rollup/rollup-darwin-arm64': [ '4.63.1' ],
15 silly audit   '@rollup/rollup-darwin-x64': [ '4.63.1' ],
15 silly audit   '@rollup/rollup-freebsd-arm64': [ '4.63.1' ],
15 silly audit   '@rollup/rollup-freebsd-x64': [ '4.63.1' ],
15 silly audit   '@rollup/rollup-linux-arm-gnueabihf': [ '4.63.1' ],
15 silly audit   '@rollup/rollup-linux-arm-musleabihf': [ '4.63.1' ],
15 silly audit   '@rollup/rollup-linux-arm64-gnu': [ '4.63.1' ],
15 silly audit   '@rollup/rollup-linux-arm64-musl': [ '4.63.1' ],
15 silly audit   '@rollup/rollup-linux-loong64-gnu': [ '4.63.1' ],
15 silly audit   '@rollup/rollup-linux-loong64-musl': [ '4.63.1' ],
15 silly audit   '@rollup/rollup-linux-ppc64-gnu': [ '4.63.1' ],
15 silly audit   '@rollup/rollup-linux-ppc64-musl': [ '4.63.1' ],
15 silly audit   '@rollup/rollup-linux-riscv64-gnu': [ '4.63.1' ],
15 silly audit   '@rollup/rollup-linux-riscv64-musl': [ '4.63.1' ],
15 silly audit   '@rollup/rollup-linux-s390x-gnu': [ '4.63.1' ],
15 silly audit   '@rollup/rollup-linux-x64-gnu': [ '4.63.1' ],
15 silly audit   '@rollup/rollup-linux-x64-musl': [ '4.63.1' ],
15 silly audit   '@rollup/rollup-openbsd-x64': [ '4.63.1' ],
15 silly audit   '@rollup/rollup-openharmony-arm64': [ '4.63.1' ],
15 silly audit   '@rollup/rollup-win32-arm64-msvc': [ '4.63.1' ],
15 silly audit   '@rollup/rollup-win32-ia32-msvc': [ '4.63.1' ],
15 silly audit   '@rollup/rollup-win32-x64-gnu': [ '4.63.1' ],
15 silly audit   '@rollup/rollup-win32-x64-msvc': [ '4.63.1' ],
15 silly audit   '@tailwindcss/node': [ '4.3.3' ],
15 silly audit   '@tailwindcss/oxide': [ '4.3.3' ],
15 silly audit   '@tailwindcss/oxide-android-arm64': [ '4.3.3' ],
15 silly audit   '@tailwindcss/oxide-darwin-arm64': [ '4.3.3' ],
15 silly audit   '@tailwindcss/oxide-darwin-x64': [ '4.3.3' ],
15 silly audit   '@tailwindcss/oxide-freebsd-x64': [ '4.3.3' ],
15 silly audit   '@tailwindcss/oxide-linux-arm-gnueabihf': [ '4.3.3' ],
15 silly audit   '@tailwindcss/oxide-linux-arm64-gnu': [ '4.3.3' ],
15 silly audit   '@tailwindcss/oxide-linux-arm64-musl': [ '4.3.3' ],
15 silly audit   '@tailwindcss/oxide-linux-x64-gnu': [ '4.3.3' ],
15 silly audit   '@tailwindcss/oxide-linux-x64-musl': [ '4.3.3' ],
15 silly audit   '@tailwindcss/oxide-wasm32-wasi': [ '4.3.3' ],
15 silly audit   '@tailwindcss/oxide-win32-arm64-msvc': [ '4.3.3' ],
15 silly audit   '@tailwindcss/oxide-win32-x64-msvc': [ '4.3.3' ],
15 silly audit   '@tailwindcss/vite': [ '4.3.3' ],
15 silly audit   '@tweenjs/tween.js': [ '23.1.3' ],
15 silly audit   '@types/babel__core': [ '7.20.5' ],
15 silly audit   '@types/babel__generator': [ '7.27.0' ],
15 silly audit   '@types/babel__template': [ '7.4.4' ],
15 silly audit   '@types/babel__traverse': [ '7.28.0' ],
15 silly audit   '@types/body-parser': [ '1.19.6' ],
15 silly audit   '@types/canvas-confetti': [ '1.9.0' ],
15 silly audit   '@types/connect': [ '3.4.38' ],
15 silly audit   '@types/estree': [ '1.0.9' ],
15 silly audit   '@types/express': [ '4.17.25' ],
15 silly audit   '@types/express-serve-static-core': [ '4.19.9' ],
15 silly audit   '@types/http-errors': [ '2.0.5' ],
15 silly audit   '@types/mime': [ '1.3.5' ],
15 silly audit   '@types/node': [ '22.20.1' ],
15 silly audit   '@types/qs': [ '6.15.1' ],
15 silly audit   '@types/range-parser': [ '1.2.7' ],
15 silly audit   '@types/react': [ '19.2.18' ],
15 silly audit   '@types/react-dom': [ '19.2.5' ],
15 silly audit   '@types/retry': [ '0.12.0' ],
15 silly audit   '@types/send': [ '1.2.1', '0.17.6' ],
15 silly audit   '@types/serve-static': [ '1.15.10' ],
15 silly audit   '@types/stats.js': [ '0.17.4' ],
15 silly audit   '@types/three': [ '0.185.4' ],
15 silly audit   '@types/webxr': [ '0.5.24' ],
15 silly audit   '@vitejs/plugin-react': [ '5.2.0' ],
15 silly audit   accepts: [ '1.3.8' ],
15 silly audit   'agent-base': [ '7.1.4' ],
15 silly audit   'array-flatten': [ '1.1.1' ],
15 silly audit   autoprefixer: [ '10.5.4' ],
15 silly audit   'base64-js': [ '1.5.1' ],
15 silly audit   'baseline-browser-mapping': [ '2.11.20' ],
15 silly audit   'bignumber.js': [ '9.3.1' ],
15 silly audit   'body-parser': [ '1.20.6' ],
15 silly audit   debug: [ '2.6.9', '4.4.3' ],
15 silly audit   ms: [ '2.0.0', '2.1.3' ],
15 silly audit   browserslist: [ '4.28.8' ],
15 silly audit   'buffer-equal-constant-time': [ '1.0.1' ],
15 silly audit   bytes: [ '3.1.2' ],
15 silly audit   'call-bind-apply-helpers': [ '1.0.2' ],
15 silly audit   'call-bound': [ '1.0.4' ],
15 silly audit   'caniuse-lite': [ '1.0.30001810' ],
15 silly audit   'canvas-confetti': [ '1.9.4' ],
15 silly audit   'content-disposition': [ '0.5.4' ],
15 silly audit   'content-type': [ '1.0.5' ],
15 silly audit   'convert-source-map': [ '2.0.0' ],
15 silly audit   cookie: [ '0.7.2' ],
15 silly audit   'cookie-signature': [ '1.0.7' ],
15 silly audit   csstype: [ '3.2.3' ],
15 silly audit   'data-uri-to-buffer': [ '4.0.1' ],
15 silly audit   depd: [ '2.0.0' ],
15 silly audit   destroy: [ '1.2.0' ],
15 silly audit   'detect-libc': [ '2.1.2' ],
15 silly audit   dotenv: [ '17.4.2' ],
15 silly audit   'dunder-proto': [ '1.0.1' ],
15 silly audit   'ecdsa-sig-formatter': [ '1.0.11' ],
15 silly audit   'ee-first': [ '1.1.1' ],
15 silly audit   'electron-to-chromium': [ '1.5.417' ],
15 silly audit   encodeurl: [ '2.0.0' ],
15 silly audit   'enhanced-resolve': [ '5.24.5' ],
15 silly audit   'es-define-property': [ '1.0.1' ],
15 silly audit   'es-errors': [ '1.3.0' ],
15 silly audit   'es-object-atoms': [ '1.1.2' ],
15 silly audit   esbuild: [ '0.25.12', '0.28.2' ],
15 silly audit   escalade: [ '3.2.0' ],
15 silly audit   'escape-html': [ '1.0.3' ],
15 silly audit   etag: [ '1.8.1' ],
15 silly audit   express: [ '4.22.2' ],
15 silly audit   extend: [ '3.0.2' ],
15 silly audit   fdir: [ '6.5.0' ],
15 silly audit   'fetch-blob': [ '3.2.0' ],
15 silly audit   fflate: [ '0.8.3' ],
15 silly audit   finalhandler: [ '1.3.2' ],
15 silly audit   'formdata-polyfill': [ '4.0.10' ],
15 silly audit   forwarded: [ '0.2.0' ],
15 silly audit   'fraction.js': [ '5.3.4' ],
15 silly audit   'framer-motion': [ '12.43.0' ],
15 silly audit   fresh: [ '0.5.2' ],
15 silly audit   fsevents: [ '2.3.3' ],
15 silly audit   'function-bind': [ '1.1.2' ],
15 silly audit   gaxios: [ '7.3.1' ],
15 silly audit   'gcp-metadata': [ '8.1.2' ],
15 silly audit   gensync: [ '1.0.0-beta.2' ],
15 silly audit   'get-intrinsic': [ '1.3.0' ],
15 silly audit   'get-proto': [ '1.0.1' ],
15 silly audit   'google-auth-library': [ '10.9.1' ],
15 silly audit   'google-logging-utils': [ '1.1.3' ],
15 silly audit   gopd: [ '1.2.0' ],
15 silly audit   'graceful-fs': [ '4.2.11' ],
15 silly audit   'has-symbols': [ '1.1.0' ],
15 silly audit   hasown: [ '2.0.4' ],
15 silly audit   'http-errors': [ '2.0.1' ],
15 silly audit   'https-proxy-agent': [ '7.0.6' ],
15 silly audit   'iconv-lite': [ '0.4.24' ],
15 silly audit   inherits: [ '2.0.4' ],
15 silly audit   'ipaddr.js': [ '1.9.1' ],
15 silly audit   jiti: [ '2.7.0' ],
15 silly audit   'js-tokens': [ '4.0.0' ],
15 silly audit   jsesc: [ '3.1.0' ],
15 silly audit   'json-bigint': [ '1.0.0' ],
15 silly audit   json5: [ '2.2.3' ],
15 silly audit   jwa: [ '2.0.1' ],
15 silly audit   jws: [ '4.0.1' ],
15 silly audit   lenis: [ '1.3.26' ],
15 silly audit   lightningcss: [ '1.32.0' ],
15 silly audit   'lightningcss-android-arm64': [ '1.32.0' ],
15 silly audit   'lightningcss-darwin-arm64': [ '1.32.0' ],
15 silly audit   'lightningcss-darwin-x64': [ '1.32.0' ],
15 silly audit   'lightningcss-freebsd-x64': [ '1.32.0' ],
15 silly audit   'lightningcss-linux-arm-gnueabihf': [ '1.32.0' ],
15 silly audit   'lightningcss-linux-arm64-gnu': [ '1.32.0' ],
15 silly audit   'lightningcss-linux-arm64-musl': [ '1.32.0' ],
15 silly audit   'lightningcss-linux-x64-gnu': [ '1.32.0' ],
15 silly audit   'lightningcss-linux-x64-musl': [ '1.32.0' ],
15 silly audit   'lightningcss-win32-arm64-msvc': [ '1.32.0' ],
15 silly audit   'lightningcss-win32-x64-msvc': [ '1.32.0' ],
15 silly audit   long: [ '5.3.2' ],
15 silly audit   'lru-cache': [ '5.1.1' ],
15 silly audit   'lucide-react': [ '0.546.0' ],
15 silly audit   'magic-string': [ '0.30.21' ],
15 silly audit   'math-intrinsics': [ '1.1.0' ],
15 silly audit   'media-typer': [ '0.3.0' ],
15 silly audit   'merge-descriptors': [ '1.0.3' ],
15 silly audit   meshoptimizer: [ '1.1.1' ],
15 silly audit   methods: [ '1.1.2' ],
15 silly audit   mime: [ '1.6.0' ],
15 silly audit   'mime-db': [ '1.52.0' ],
15 silly audit   'mime-types': [ '2.1.35' ],
15 silly audit   motion: [ '12.43.0' ],
15 silly audit   'motion-dom': [ '12.43.0' ],
15 silly audit   'motion-utils': [ '12.39.0' ],
15 silly audit   nanoid: [ '3.3.18' ],
15 silly audit   negotiator: [ '0.6.3' ],
15 silly audit   'node-domexception': [ '1.0.0' ],
15 silly audit   'node-fetch': [ '3.3.2' ],
15 silly audit   'node-releases': [ '2.0.54' ],
15 silly audit   'object-inspect': [ '1.13.4' ],
15 silly audit   'on-finished': [ '2.4.1' ],
15 silly audit   'p-retry': [ '4.6.2' ],
15 silly audit   parseurl: [ '1.3.3' ],
15 silly audit   'path-to-regexp': [ '0.1.13' ],
15 silly audit   picocolors: [ '1.1.1' ],
15 silly audit   picomatch: [ '4.0.7' ],
15 silly audit   postcss: [ '8.5.26' ],
15 silly audit   'postcss-value-parser': [ '4.2.0' ],
15 silly audit   protobufjs: [ '7.6.6' ],
15 silly audit   'proxy-addr': [ '2.0.7' ],
15 silly audit   qs: [ '6.15.3' ],
15 silly audit   'range-parser': [ '1.2.1' ],
15 silly audit   'raw-body': [ '2.5.3' ],
15 silly audit   react: [ '19.2.8' ],
15 silly audit   'react-dom': [ '19.2.8' ],
15 silly audit   'react-refresh': [ '0.18.0' ],
15 silly audit   retry: [ '0.13.1' ],
15 silly audit   rollup: [ '4.63.1' ],
15 silly audit   'safe-buffer': [ '5.2.1' ],
15 silly audit   'safer-buffer': [ '2.1.2' ],
15 silly audit   scheduler: [ '0.27.0' ],
15 silly audit   semver: [ '6.3.1' ],
15 silly audit   send: [ '0.19.2' ],
15 silly audit   'serve-static': [ '1.16.3' ],
15 silly audit   setprototypeof: [ '1.2.0' ],
15 silly audit   'side-channel': [ '1.1.1' ],
15 silly audit   'side-channel-list': [ '1.0.1' ],
15 silly audit   'side-channel-map': [ '1.0.1' ],
15 silly audit   'side-channel-weakmap': [ '1.0.2' ],
15 silly audit   'source-map-js': [ '1.2.1' ],
15 silly audit   statuses: [ '2.0.2' ],
15 silly audit   tailwindcss: [ '4.3.3' ],
15 silly audit   tapable: [ '2.3.3' ],
15 silly audit   three: [ '0.185.1' ],
15 silly audit   tinyglobby: [ '0.2.17' ],
15 silly audit   toidentifier: [ '1.0.1' ],
15 silly audit   tslib: [ '2.8.1' ],
15 silly audit   tsx: [ '4.23.13' ],
15 silly audit   'type-is': [ '1.6.18' ],
15 silly audit   typescript: [ '5.8.3' ],
15 silly audit   'undici-types': [ '6.21.0' ],
15 silly audit   unpipe: [ '1.0.0' ],
15 silly audit   'update-browserslist-db': [ '1.3.2' ],
15 silly audit   'utils-merge': [ '1.0.1' ],
15 silly audit   vary: [ '1.1.2' ],
15 silly audit   vite: [ '6.4.3' ],
15 silly audit   'web-streams-polyfill': [ '3.3.3' ],
15 silly audit   ws: [ '8.21.3' ],
15 silly audit   yallist: [ '3.1.1' ]
15 silly audit }
16 http cache ws@https://registry.npmjs.org/ws/-/ws-8.21.3.tgz 2ms (cache hit)
17 http cache yallist@https://registry.npmjs.org/yallist/-/yallist-3.1.1.tgz 0ms (cache hit)
18 http cache web-streams-polyfill@https://registry.npmjs.org/web-streams-polyfill/-/web-streams-polyfill-3.3.3.tgz 1ms (cache hit)
19 http cache vite@https://registry.npmjs.org/vite/-/vite-6.4.3.tgz 0ms (cache hit)
20 http cache vary@https://registry.npmjs.org/vary/-/vary-1.1.2.tgz 1ms (cache hit)
21 http cache utils-merge@https://registry.npmjs.org/utils-merge/-/utils-merge-1.0.1.tgz 0ms (cache hit)
22 http cache update-browserslist-db@https://registry.npmjs.org/update-browserslist-db/-/update-browserslist-db-1.3.2.tgz 0ms (cache hit)
23 http cache unpipe@https://registry.npmjs.org/unpipe/-/unpipe-1.0.0.tgz 0ms (cache hit)
24 http cache undici-types@https://registry.npmjs.org/undici-types/-/undici-types-6.21.0.tgz 0ms (cache hit)
25 http cache typescript@https://registry.npmjs.org/typescript/-/typescript-5.8.3.tgz 1ms (cache hit)
26 http cache type-is@https://registry.npmjs.org/type-is/-/type-is-1.6.18.tgz 2ms (cache hit)
27 http cache tslib@https://registry.npmjs.org/tslib/-/tslib-2.8.1.tgz 0ms (cache hit)
28 http cache toidentifier@https://registry.npmjs.org/toidentifier/-/toidentifier-1.0.1.tgz 0ms (cache hit)
29 http cache three@https://registry.npmjs.org/three/-/three-0.185.1.tgz 0ms (cache hit)
30 http cache tinyglobby@https://registry.npmjs.org/tinyglobby/-/tinyglobby-0.2.17.tgz 0ms (cache hit)
31 http cache tapable@https://registry.npmjs.org/tapable/-/tapable-2.3.3.tgz 0ms (cache hit)
32 http cache statuses@https://registry.npmjs.org/statuses/-/statuses-2.0.2.tgz 0ms (cache hit)
33 http cache source-map-js@https://registry.npmjs.org/source-map-js/-/source-map-js-1.2.1.tgz 0ms (cache hit)
34 http cache tsx@https://registry.npmjs.org/tsx/-/tsx-4.23.13.tgz 0ms (cache hit)
35 http cache tailwindcss@https://registry.npmjs.org/tailwindcss/-/tailwindcss-4.3.3.tgz 41ms (cache hit)
36 http cache side-channel-map@https://registry.npmjs.org/side-channel-map/-/side-channel-map-1.0.1.tgz 0ms (cache hit)
37 http cache side-channel-weakmap@https://registry.npmjs.org/side-channel-weakmap/-/side-channel-weakmap-1.0.2.tgz 1ms (cache hit)
38 http cache side-channel@https://registry.npmjs.org/side-channel/-/side-channel-1.1.1.tgz 0ms (cache hit)
39 http cache setprototypeof@https://registry.npmjs.org/setprototypeof/-/setprototypeof-1.2.0.tgz 0ms (cache hit)
40 http cache side-channel-list@https://registry.npmjs.org/side-channel-list/-/side-channel-list-1.0.1.tgz 1ms (cache hit)
41 http cache serve-static@https://registry.npmjs.org/serve-static/-/serve-static-1.16.3.tgz 0ms (cache hit)
42 http cache scheduler@https://registry.npmjs.org/scheduler/-/scheduler-0.27.0.tgz 0ms (cache hit)
43 http cache send@https://registry.npmjs.org/send/-/send-0.19.2.tgz 0ms (cache hit)
44 http cache safer-buffer@https://registry.npmjs.org/safer-buffer/-/safer-buffer-2.1.2.tgz 1ms (cache hit)
45 http cache semver@https://registry.npmjs.org/semver/-/semver-6.3.1.tgz 0ms (cache hit)
46 http cache safe-buffer@https://registry.npmjs.org/safe-buffer/-/safe-buffer-5.2.1.tgz 0ms (cache hit)
47 http cache rollup@https://registry.npmjs.org/rollup/-/rollup-4.63.1.tgz 1ms (cache hit)
48 http cache react-refresh@https://registry.npmjs.org/react-refresh/-/react-refresh-0.18.0.tgz 0ms (cache hit)
49 http cache retry@https://registry.npmjs.org/retry/-/retry-0.13.1.tgz 0ms (cache hit)
50 http cache react-dom@https://registry.npmjs.org/react-dom/-/react-dom-19.2.8.tgz 0ms (cache hit)
51 http cache react@https://registry.npmjs.org/react/-/react-19.2.8.tgz 0ms (cache hit)
52 http cache raw-body@https://registry.npmjs.org/raw-body/-/raw-body-2.5.3.tgz 0ms (cache hit)
53 http cache range-parser@https://registry.npmjs.org/range-parser/-/range-parser-1.2.1.tgz 0ms (cache hit)
54 http cache qs@https://registry.npmjs.org/qs/-/qs-6.15.3.tgz 2ms (cache hit)
55 http cache proxy-addr@https://registry.npmjs.org/proxy-addr/-/proxy-addr-2.0.7.tgz 0ms (cache hit)
56 http cache protobufjs@https://registry.npmjs.org/protobufjs/-/protobufjs-7.6.6.tgz 19ms (cache hit)
57 http cache postcss-value-parser@https://registry.npmjs.org/postcss-value-parser/-/postcss-value-parser-4.2.0.tgz 0ms (cache hit)
58 http cache postcss@https://registry.npmjs.org/postcss/-/postcss-8.5.26.tgz 0ms (cache hit)
59 http cache picomatch@https://registry.npmjs.org/picomatch/-/picomatch-4.0.7.tgz 0ms (cache hit)
60 http cache picocolors@https://registry.npmjs.org/picocolors/-/picocolors-1.1.1.tgz 0ms (cache hit)
61 http cache path-to-regexp@https://registry.npmjs.org/path-to-regexp/-/path-to-regexp-0.1.13.tgz 0ms (cache hit)
62 http cache parseurl@https://registry.npmjs.org/parseurl/-/parseurl-1.3.3.tgz 0ms (cache hit)
63 http cache p-retry@https://registry.npmjs.org/p-retry/-/p-retry-4.6.2.tgz 0ms (cache hit)
64 http cache on-finished@https://registry.npmjs.org/on-finished/-/on-finished-2.4.1.tgz 1ms (cache hit)
65 http cache object-inspect@https://registry.npmjs.org/object-inspect/-/object-inspect-1.13.4.tgz 0ms (cache hit)
66 http cache node-fetch@https://registry.npmjs.org/node-fetch/-/node-fetch-3.3.2.tgz 0ms (cache hit)
67 http cache node-releases@https://registry.npmjs.org/node-releases/-/node-releases-2.0.54.tgz 0ms (cache hit)
68 http cache node-domexception@https://registry.npmjs.org/node-domexception/-/node-domexception-1.0.0.tgz 0ms (cache hit)
69 http cache negotiator@https://registry.npmjs.org/negotiator/-/negotiator-0.6.3.tgz 0ms (cache hit)
70 http cache nanoid@https://registry.npmjs.org/nanoid/-/nanoid-3.3.18.tgz 0ms (cache hit)
71 http cache ms@https://registry.npmjs.org/ms/-/ms-2.1.3.tgz 0ms (cache hit)
72 http cache motion-utils@https://registry.npmjs.org/motion-utils/-/motion-utils-12.39.0.tgz 0ms (cache hit)
73 http cache motion-dom@https://registry.npmjs.org/motion-dom/-/motion-dom-12.43.0.tgz 1ms (cache hit)
74 http cache motion@https://registry.npmjs.org/motion/-/motion-12.43.0.tgz 0ms (cache hit)
75 http cache mime-types@https://registry.npmjs.org/mime-types/-/mime-types-2.1.35.tgz 0ms (cache hit)
76 http cache mime-db@https://registry.npmjs.org/mime-db/-/mime-db-1.52.0.tgz 1ms (cache hit)
77 http cache mime@https://registry.npmjs.org/mime/-/mime-1.6.0.tgz 0ms (cache hit)
78 http cache methods@https://registry.npmjs.org/methods/-/methods-1.1.2.tgz 0ms (cache hit)
79 http cache meshoptimizer@https://registry.npmjs.org/meshoptimizer/-/meshoptimizer-1.1.1.tgz 0ms (cache hit)
80 http cache merge-descriptors@https://registry.npmjs.org/merge-descriptors/-/merge-descriptors-1.0.3.tgz 0ms (cache hit)
81 http cache media-typer@https://registry.npmjs.org/media-typer/-/media-typer-0.3.0.tgz 0ms (cache hit)
82 http cache math-intrinsics@https://registry.npmjs.org/math-intrinsics/-/math-intrinsics-1.1.0.tgz 0ms (cache hit)
83 http cache magic-string@https://registry.npmjs.org/magic-string/-/magic-string-0.30.21.tgz 0ms (cache hit)
84 http cache lru-cache@https://registry.npmjs.org/lru-cache/-/lru-cache-5.1.1.tgz 0ms (cache hit)
85 http cache long@https://registry.npmjs.org/long/-/long-5.3.2.tgz 0ms (cache hit)
86 http cache lucide-react@https://registry.npmjs.org/lucide-react/-/lucide-react-0.546.0.tgz 0ms (cache hit)
87 http cache lightningcss-win32-x64-msvc@https://registry.npmjs.org/lightningcss-win32-x64-msvc/-/lightningcss-win32-x64-msvc-1.32.0.tgz 0ms (cache hit)
88 http cache lightningcss@https://registry.npmjs.org/lightningcss/-/lightningcss-1.32.0.tgz 0ms (cache hit)
89 http cache lenis@https://registry.npmjs.org/lenis/-/lenis-1.3.26.tgz 0ms (cache hit)
90 http cache jwa@https://registry.npmjs.org/jwa/-/jwa-2.0.1.tgz 0ms (cache hit)
91 http cache jws@https://registry.npmjs.org/jws/-/jws-4.0.1.tgz 0ms (cache hit)
92 http cache json-bigint@https://registry.npmjs.org/json-bigint/-/json-bigint-1.0.0.tgz 0ms (cache hit)
93 http cache jsesc@https://registry.npmjs.org/jsesc/-/jsesc-3.1.0.tgz 0ms (cache hit)
94 http cache js-tokens@https://registry.npmjs.org/js-tokens/-/js-tokens-4.0.0.tgz 0ms (cache hit)
95 http cache jiti@https://registry.npmjs.org/jiti/-/jiti-2.7.0.tgz 0ms (cache hit)
96 http cache ipaddr.js@https://registry.npmjs.org/ipaddr.js/-/ipaddr.js-1.9.1.tgz 0ms (cache hit)
97 http cache inherits@https://registry.npmjs.org/inherits/-/inherits-2.0.4.tgz 0ms (cache hit)
98 http cache json5@https://registry.npmjs.org/json5/-/json5-2.2.3.tgz 0ms (cache hit)
99 http cache iconv-lite@https://registry.npmjs.org/iconv-lite/-/iconv-lite-0.4.24.tgz 0ms (cache hit)
100 http cache https-proxy-agent@https://registry.npmjs.org/https-proxy-agent/-/https-proxy-agent-7.0.6.tgz 0ms (cache hit)
101 http cache http-errors@https://registry.npmjs.org/http-errors/-/http-errors-2.0.1.tgz 0ms (cache hit)
102 http cache has-symbols@https://registry.npmjs.org/has-symbols/-/has-symbols-1.1.0.tgz 0ms (cache hit)
103 http cache graceful-fs@https://registry.npmjs.org/graceful-fs/-/graceful-fs-4.2.11.tgz 0ms (cache hit)
104 http cache gopd@https://registry.npmjs.org/gopd/-/gopd-1.2.0.tgz 0ms (cache hit)
105 http cache hasown@https://registry.npmjs.org/hasown/-/hasown-2.0.4.tgz 0ms (cache hit)
106 http cache google-logging-utils@https://registry.npmjs.org/google-logging-utils/-/google-logging-utils-1.1.3.tgz 0ms (cache hit)
107 http cache google-auth-library@https://registry.npmjs.org/google-auth-library/-/google-auth-library-10.9.1.tgz 0ms (cache hit)
108 http cache get-intrinsic@https://registry.npmjs.org/get-intrinsic/-/get-intrinsic-1.3.0.tgz 0ms (cache hit)
109 http cache get-proto@https://registry.npmjs.org/get-proto/-/get-proto-1.0.1.tgz 0ms (cache hit)
110 http cache gcp-metadata@https://registry.npmjs.org/gcp-metadata/-/gcp-metadata-8.1.2.tgz 0ms (cache hit)
111 http cache gaxios@https://registry.npmjs.org/gaxios/-/gaxios-7.3.1.tgz 0ms (cache hit)
112 http cache function-bind@https://registry.npmjs.org/function-bind/-/function-bind-1.1.2.tgz 0ms (cache hit)
113 http cache gensync@https://registry.npmjs.org/gensync/-/gensync-1.0.0-beta.2.tgz 0ms (cache hit)
114 http cache fresh@https://registry.npmjs.org/fresh/-/fresh-0.5.2.tgz 0ms (cache hit)
115 http cache framer-motion@https://registry.npmjs.org/framer-motion/-/framer-motion-12.43.0.tgz 0ms (cache hit)
116 http cache fraction.js@https://registry.npmjs.org/fraction.js/-/fraction.js-5.3.4.tgz 0ms (cache hit)
117 http cache forwarded@https://registry.npmjs.org/forwarded/-/forwarded-0.2.0.tgz 0ms (cache hit)
118 http cache finalhandler@https://registry.npmjs.org/finalhandler/-/finalhandler-1.3.2.tgz 0ms (cache hit)
119 http cache formdata-polyfill@https://registry.npmjs.org/formdata-polyfill/-/formdata-polyfill-4.0.10.tgz 0ms (cache hit)
120 http cache fflate@https://registry.npmjs.org/fflate/-/fflate-0.8.3.tgz 0ms (cache hit)
121 http cache fetch-blob@https://registry.npmjs.org/fetch-blob/-/fetch-blob-3.2.0.tgz 0ms (cache hit)
122 http cache fdir@https://registry.npmjs.org/fdir/-/fdir-6.5.0.tgz 0ms (cache hit)
123 http cache extend@https://registry.npmjs.org/extend/-/extend-3.0.2.tgz 0ms (cache hit)
124 http cache express@https://registry.npmjs.org/express/-/express-4.22.2.tgz 0ms (cache hit)
125 http cache etag@https://registry.npmjs.org/etag/-/etag-1.8.1.tgz 0ms (cache hit)
126 http cache escape-html@https://registry.npmjs.org/escape-html/-/escape-html-1.0.3.tgz 0ms (cache hit)
127 http cache escalade@https://registry.npmjs.org/escalade/-/escalade-3.2.0.tgz 0ms (cache hit)
128 http cache esbuild@https://registry.npmjs.org/esbuild/-/esbuild-0.25.12.tgz 0ms (cache hit)
129 http cache es-object-atoms@https://registry.npmjs.org/es-object-atoms/-/es-object-atoms-1.1.2.tgz 0ms (cache hit)
130 http cache es-errors@https://registry.npmjs.org/es-errors/-/es-errors-1.3.0.tgz 0ms (cache hit)
131 http cache es-define-property@https://registry.npmjs.org/es-define-property/-/es-define-property-1.0.1.tgz 0ms (cache hit)
132 http cache enhanced-resolve@https://registry.npmjs.org/enhanced-resolve/-/enhanced-resolve-5.24.5.tgz 0ms (cache hit)
133 http cache encodeurl@https://registry.npmjs.org/encodeurl/-/encodeurl-2.0.0.tgz 0ms (cache hit)
134 http cache ee-first@https://registry.npmjs.org/ee-first/-/ee-first-1.1.1.tgz 0ms (cache hit)
135 http cache electron-to-chromium@https://registry.npmjs.org/electron-to-chromium/-/electron-to-chromium-1.5.417.tgz 0ms (cache hit)
136 http cache ecdsa-sig-formatter@https://registry.npmjs.org/ecdsa-sig-formatter/-/ecdsa-sig-formatter-1.0.11.tgz 0ms (cache hit)
137 http cache dunder-proto@https://registry.npmjs.org/dunder-proto/-/dunder-proto-1.0.1.tgz 0ms (cache hit)
138 http cache dotenv@https://registry.npmjs.org/dotenv/-/dotenv-17.4.2.tgz 0ms (cache hit)
139 http cache detect-libc@https://registry.npmjs.org/detect-libc/-/detect-libc-2.1.2.tgz 0ms (cache hit)
140 http cache destroy@https://registry.npmjs.org/destroy/-/destroy-1.2.0.tgz 0ms (cache hit)
141 http cache depd@https://registry.npmjs.org/depd/-/depd-2.0.0.tgz 0ms (cache hit)
142 http cache data-uri-to-buffer@https://registry.npmjs.org/data-uri-to-buffer/-/data-uri-to-buffer-4.0.1.tgz 1ms (cache hit)
143 http cache debug@https://registry.npmjs.org/debug/-/debug-4.4.3.tgz 0ms (cache hit)
144 http cache csstype@https://registry.npmjs.org/csstype/-/csstype-3.2.3.tgz 0ms (cache hit)
145 http cache cookie-signature@https://registry.npmjs.org/cookie-signature/-/cookie-signature-1.0.7.tgz 0ms (cache hit)
146 http cache cookie@https://registry.npmjs.org/cookie/-/cookie-0.7.2.tgz 0ms (cache hit)
147 http cache content-type@https://registry.npmjs.org/content-type/-/content-type-1.0.5.tgz 0ms (cache hit)
148 http cache content-disposition@https://registry.npmjs.org/content-disposition/-/content-disposition-0.5.4.tgz 0ms (cache hit)
149 http cache convert-source-map@https://registry.npmjs.org/convert-source-map/-/convert-source-map-2.0.0.tgz 0ms (cache hit)
150 http cache canvas-confetti@https://registry.npmjs.org/canvas-confetti/-/canvas-confetti-1.9.4.tgz 0ms (cache hit)
151 http cache caniuse-lite@https://registry.npmjs.org/caniuse-lite/-/caniuse-lite-1.0.30001810.tgz 0ms (cache hit)
152 http cache call-bound@https://registry.npmjs.org/call-bound/-/call-bound-1.0.4.tgz 0ms (cache hit)
153 http cache call-bind-apply-helpers@https://registry.npmjs.org/call-bind-apply-helpers/-/call-bind-apply-helpers-1.0.2.tgz 0ms (cache hit)
154 http cache bytes@https://registry.npmjs.org/bytes/-/bytes-3.1.2.tgz 0ms (cache hit)
155 http cache buffer-equal-constant-time@https://registry.npmjs.org/buffer-equal-constant-time/-/buffer-equal-constant-time-1.0.1.tgz 0ms (cache hit)
156 http cache browserslist@https://registry.npmjs.org/browserslist/-/browserslist-4.28.8.tgz 1ms (cache hit)
157 http cache bignumber.js@https://registry.npmjs.org/bignumber.js/-/bignumber.js-9.3.1.tgz 0ms (cache hit)
158 http cache body-parser@https://registry.npmjs.org/body-parser/-/body-parser-1.20.6.tgz 0ms (cache hit)
159 http cache baseline-browser-mapping@https://registry.npmjs.org/baseline-browser-mapping/-/baseline-browser-mapping-2.11.20.tgz 0ms (cache hit)
160 http cache base64-js@https://registry.npmjs.org/base64-js/-/base64-js-1.5.1.tgz 0ms (cache hit)
161 http cache autoprefixer@https://registry.npmjs.org/autoprefixer/-/autoprefixer-10.5.4.tgz 0ms (cache hit)
162 http cache array-flatten@https://registry.npmjs.org/array-flatten/-/array-flatten-1.1.1.tgz 0ms (cache hit)
163 http cache @vitejs/plugin-react@https://registry.npmjs.org/@vitejs/plugin-react/-/plugin-react-5.2.0.tgz 0ms (cache hit)
164 http cache agent-base@https://registry.npmjs.org/agent-base/-/agent-base-7.1.4.tgz 0ms (cache hit)
165 http cache accepts@https://registry.npmjs.org/accepts/-/accepts-1.3.8.tgz 0ms (cache hit)
166 http cache @types/webxr@https://registry.npmjs.org/@types/webxr/-/webxr-0.5.24.tgz 0ms (cache hit)
167 http cache @types/three@https://registry.npmjs.org/@types/three/-/three-0.185.4.tgz 0ms (cache hit)
168 http cache @types/stats.js@https://registry.npmjs.org/@types/stats.js/-/stats.js-0.17.4.tgz 0ms (cache hit)
169 http cache @types/serve-static@https://registry.npmjs.org/@types/serve-static/-/serve-static-1.15.10.tgz 0ms (cache hit)
170 http cache @types/send@https://registry.npmjs.org/@types/send/-/send-1.2.1.tgz 0ms (cache hit)
171 http cache @types/retry@https://registry.npmjs.org/@types/retry/-/retry-0.12.0.tgz 0ms (cache hit)
172 http cache @types/react-dom@https://registry.npmjs.org/@types/react-dom/-/react-dom-19.2.5.tgz 0ms (cache hit)
173 http cache @types/range-parser@https://registry.npmjs.org/@types/range-parser/-/range-parser-1.2.7.tgz 0ms (cache hit)
174 http cache @types/react@https://registry.npmjs.org/@types/react/-/react-19.2.18.tgz 0ms (cache hit)
175 http cache @types/qs@https://registry.npmjs.org/@types/qs/-/qs-6.15.1.tgz 0ms (cache hit)
176 http cache @types/node@https://registry.npmjs.org/@types/node/-/node-22.20.1.tgz 0ms (cache hit)
177 http cache @types/http-errors@https://registry.npmjs.org/@types/http-errors/-/http-errors-2.0.5.tgz 0ms (cache hit)
178 http cache @types/mime@https://registry.npmjs.org/@types/mime/-/mime-1.3.5.tgz 0ms (cache hit)
179 http cache @types/express-serve-static-core@https://registry.npmjs.org/@types/express-serve-static-core/-/express-serve-static-core-4.19.9.tgz 0ms (cache hit)
180 http cache @types/canvas-confetti@https://registry.npmjs.org/@types/canvas-confetti/-/canvas-confetti-1.9.0.tgz 0ms (cache hit)
181 http cache @types/estree@https://registry.npmjs.org/@types/estree/-/estree-1.0.9.tgz 0ms (cache hit)
182 http cache @types/body-parser@https://registry.npmjs.org/@types/body-parser/-/body-parser-1.19.6.tgz 0ms (cache hit)
183 http cache @types/connect@https://registry.npmjs.org/@types/connect/-/connect-3.4.38.tgz 1ms (cache hit)
184 http cache @types/babel__generator@https://registry.npmjs.org/@types/babel__generator/-/babel__generator-7.27.0.tgz 0ms (cache hit)
185 http cache @types/babel__traverse@https://registry.npmjs.org/@types/babel__traverse/-/babel__traverse-7.28.0.tgz 0ms (cache hit)
186 http cache @types/babel__template@https://registry.npmjs.org/@types/babel__template/-/babel__template-7.4.4.tgz 0ms (cache hit)
187 http cache @types/express@https://registry.npmjs.org/@types/express/-/express-4.17.25.tgz 0ms (cache hit)
188 http cache @types/babel__core@https://registry.npmjs.org/@types/babel__core/-/babel__core-7.20.5.tgz 0ms (cache hit)
189 http cache @tailwindcss/vite@https://registry.npmjs.org/@tailwindcss/vite/-/vite-4.3.3.tgz 0ms (cache hit)
190 http cache @tailwindcss/oxide-win32-x64-msvc@https://registry.npmjs.org/@tailwindcss/oxide-win32-x64-msvc/-/oxide-win32-x64-msvc-4.3.3.tgz 0ms (cache hit)
191 http cache @tweenjs/tween.js@https://registry.npmjs.org/@tweenjs/tween.js/-/tween.js-23.1.3.tgz 0ms (cache hit)
192 http cache @tailwindcss/oxide@https://registry.npmjs.org/@tailwindcss/oxide/-/oxide-4.3.3.tgz 0ms (cache hit)
193 http cache @rollup/rollup-win32-x64-msvc@https://registry.npmjs.org/@rollup/rollup-win32-x64-msvc/-/rollup-win32-x64-msvc-4.63.1.tgz 0ms (cache hit)
194 http cache @tailwindcss/node@https://registry.npmjs.org/@tailwindcss/node/-/node-4.3.3.tgz 1ms (cache hit)
195 http cache @rollup/rollup-win32-x64-gnu@https://registry.npmjs.org/@rollup/rollup-win32-x64-gnu/-/rollup-win32-x64-gnu-4.63.1.tgz 1ms (cache hit)
196 http cache @rolldown/pluginutils@https://registry.npmjs.org/@rolldown/pluginutils/-/pluginutils-1.0.0-rc.3.tgz 0ms (cache hit)
197 http cache @protobufjs/path@https://registry.npmjs.org/@protobufjs/path/-/path-1.1.2.tgz 0ms (cache hit)
198 http cache @protobufjs/pool@https://registry.npmjs.org/@protobufjs/pool/-/pool-1.1.0.tgz 0ms (cache hit)
199 http cache @protobufjs/float@https://registry.npmjs.org/@protobufjs/float/-/float-1.0.2.tgz 0ms (cache hit)
200 http cache @protobufjs/utf8@https://registry.npmjs.org/@protobufjs/utf8/-/utf8-1.1.2.tgz 0ms (cache hit)
201 http cache @protobufjs/fetch@https://registry.npmjs.org/@protobufjs/fetch/-/fetch-1.1.1.tgz 0ms (cache hit)
202 http cache @protobufjs/base64@https://registry.npmjs.org/@protobufjs/base64/-/base64-1.1.2.tgz 0ms (cache hit)
203 http cache @protobufjs/codegen@https://registry.npmjs.org/@protobufjs/codegen/-/codegen-2.0.5.tgz 0ms (cache hit)
204 http cache @protobufjs/eventemitter@https://registry.npmjs.org/@protobufjs/eventemitter/-/eventemitter-1.1.1.tgz 0ms (cache hit)
205 http cache @protobufjs/aspromise@https://registry.npmjs.org/@protobufjs/aspromise/-/aspromise-1.1.2.tgz 0ms (cache hit)
206 http cache @jridgewell/sourcemap-codec@https://registry.npmjs.org/@jridgewell/sourcemap-codec/-/sourcemap-codec-1.6.0.tgz 0ms (cache hit)
207 http cache @jridgewell/trace-mapping@https://registry.npmjs.org/@jridgewell/trace-mapping/-/trace-mapping-0.3.31.tgz 0ms (cache hit)
208 http cache @jridgewell/resolve-uri@https://registry.npmjs.org/@jridgewell/resolve-uri/-/resolve-uri-3.1.2.tgz 0ms (cache hit)
209 http cache @jridgewell/remapping@https://registry.npmjs.org/@jridgewell/remapping/-/remapping-2.3.5.tgz 0ms (cache hit)
210 http cache @jridgewell/gen-mapping@https://registry.npmjs.org/@jridgewell/gen-mapping/-/gen-mapping-0.3.13.tgz 0ms (cache hit)
211 http cache @google/genai@https://registry.npmjs.org/@google/genai/-/genai-2.19.0.tgz 0ms (cache hit)
212 http cache @esbuild/win32-x64@https://registry.npmjs.org/@esbuild/win32-x64/-/win32-x64-0.25.12.tgz 0ms (cache hit)
213 http cache @dimforge/rapier3d-compat@https://registry.npmjs.org/@dimforge/rapier3d-compat/-/rapier3d-compat-0.12.0.tgz 0ms (cache hit)
214 http cache @babel/types@https://registry.npmjs.org/@babel/types/-/types-7.29.8.tgz 0ms (cache hit)
215 http cache @babel/traverse@https://registry.npmjs.org/@babel/traverse/-/traverse-7.29.8.tgz 0ms (cache hit)
216 http cache @babel/template@https://registry.npmjs.org/@babel/template/-/template-7.29.7.tgz 0ms (cache hit)
217 http cache @babel/plugin-transform-react-jsx-source@https://registry.npmjs.org/@babel/plugin-transform-react-jsx-source/-/plugin-transform-react-jsx-source-7.29.7.tgz 0ms (cache hit)
218 http cache @babel/plugin-transform-react-jsx-self@https://registry.npmjs.org/@babel/plugin-transform-react-jsx-self/-/plugin-transform-react-jsx-self-7.29.7.tgz 1ms (cache hit)
219 http cache @babel/parser@https://registry.npmjs.org/@babel/parser/-/parser-7.29.8.tgz 0ms (cache hit)
220 http cache @babel/helpers@https://registry.npmjs.org/@babel/helpers/-/helpers-7.29.7.tgz 0ms (cache hit)
221 http cache @babel/helper-validator-option@https://registry.npmjs.org/@babel/helper-validator-option/-/helper-validator-option-7.29.7.tgz 0ms (cache hit)
222 http cache @babel/helper-validator-identifier@https://registry.npmjs.org/@babel/helper-validator-identifier/-/helper-validator-identifier-7.29.7.tgz 0ms (cache hit)
223 http cache @babel/helper-module-transforms@https://registry.npmjs.org/@babel/helper-module-transforms/-/helper-module-transforms-7.29.7.tgz 0ms (cache hit)
224 http cache @babel/helper-string-parser@https://registry.npmjs.org/@babel/helper-string-parser/-/helper-string-parser-7.29.7.tgz 0ms (cache hit)
225 http cache @babel/helper-module-imports@https://registry.npmjs.org/@babel/helper-module-imports/-/helper-module-imports-7.29.7.tgz 0ms (cache hit)
226 http cache @babel/helper-plugin-utils@https://registry.npmjs.org/@babel/helper-plugin-utils/-/helper-plugin-utils-7.29.7.tgz 0ms (cache hit)
227 http cache @babel/helper-globals@https://registry.npmjs.org/@babel/helper-globals/-/helper-globals-7.29.7.tgz 0ms (cache hit)
228 http cache @babel/helper-compilation-targets@https://registry.npmjs.org/@babel/helper-compilation-targets/-/helper-compilation-targets-7.29.7.tgz 0ms (cache hit)
229 http cache @babel/generator@https://registry.npmjs.org/@babel/generator/-/generator-7.29.8.tgz 0ms (cache hit)
230 http cache @babel/core@https://registry.npmjs.org/@babel/core/-/core-7.29.7.tgz 0ms (cache hit)
231 http cache @babel/compat-data@https://registry.npmjs.org/@babel/compat-data/-/compat-data-7.29.7.tgz 0ms (cache hit)
232 http cache @babel/code-frame@https://registry.npmjs.org/@babel/code-frame/-/code-frame-7.29.7.tgz 0ms (cache hit)
233 http cache debug@https://registry.npmjs.org/debug/-/debug-2.6.9.tgz 1ms (cache hit)
234 http cache @esbuild/win32-x64@https://registry.npmjs.org/@esbuild/win32-x64/-/win32-x64-0.28.2.tgz 0ms (cache hit)
235 http cache ms@https://registry.npmjs.org/ms/-/ms-2.0.0.tgz 0ms (cache hit)
236 http cache ms@https://registry.npmjs.org/ms/-/ms-2.0.0.tgz 1ms (cache hit)
237 http cache ms@https://registry.npmjs.org/ms/-/ms-2.0.0.tgz 0ms (cache hit)
238 http cache debug@https://registry.npmjs.org/debug/-/debug-2.6.9.tgz 0ms (cache hit)
239 http cache esbuild@https://registry.npmjs.org/esbuild/-/esbuild-0.28.2.tgz 1ms (cache hit)
240 http cache ms@https://registry.npmjs.org/ms/-/ms-2.0.0.tgz 0ms (cache hit)
241 http cache debug@https://registry.npmjs.org/debug/-/debug-2.6.9.tgz 0ms (cache hit)
242 http cache debug@https://registry.npmjs.org/debug/-/debug-2.6.9.tgz 0ms (cache hit)
243 http cache @types/send@https://registry.npmjs.org/@types/send/-/send-0.17.6.tgz 0ms (cache hit)
244 silly tarball no local data for ws@https://registry.npmjs.org/ws/-/ws-8.21.3.tgz. Extracting by manifest.
245 silly tarball no local data for yallist@https://registry.npmjs.org/yallist/-/yallist-3.1.1.tgz. Extracting by manifest.
246 silly tarball no local data for web-streams-polyfill@https://registry.npmjs.org/web-streams-polyfill/-/web-streams-polyfill-3.3.3.tgz. Extracting by manifest.
247 silly tarball no local data for vite@https://registry.npmjs.org/vite/-/vite-6.4.3.tgz. Extracting by manifest.
248 silly tarball no local data for vary@https://registry.npmjs.org/vary/-/vary-1.1.2.tgz. Extracting by manifest.
249 silly tarball no local data for utils-merge@https://registry.npmjs.org/utils-merge/-/utils-merge-1.0.1.tgz. Extracting by manifest.
250 silly tarball no local data for update-browserslist-db@https://registry.npmjs.org/update-browserslist-db/-/update-browserslist-db-1.3.2.tgz. Extracting by manifest.
251 silly tarball no local data for unpipe@https://registry.npmjs.org/unpipe/-/unpipe-1.0.0.tgz. Extracting by manifest.
252 silly tarball no local data for undici-types@https://registry.npmjs.org/undici-types/-/undici-types-6.21.0.tgz. Extracting by manifest.
253 silly tarball no local data for typescript@https://registry.npmjs.org/typescript/-/typescript-5.8.3.tgz. Extracting by manifest.
254 silly tarball no local data for type-is@https://registry.npmjs.org/type-is/-/type-is-1.6.18.tgz. Extracting by manifest.
255 silly tarball no local data for tslib@https://registry.npmjs.org/tslib/-/tslib-2.8.1.tgz. Extracting by manifest.
256 silly tarball no local data for toidentifier@https://registry.npmjs.org/toidentifier/-/toidentifier-1.0.1.tgz. Extracting by manifest.
257 silly tarball no local data for three@https://registry.npmjs.org/three/-/three-0.185.1.tgz. Extracting by manifest.
258 silly tarball no local data for tinyglobby@https://registry.npmjs.org/tinyglobby/-/tinyglobby-0.2.17.tgz. Extracting by manifest.
259 silly tarball no local data for tapable@https://registry.npmjs.org/tapable/-/tapable-2.3.3.tgz. Extracting by manifest.
260 silly tarball no local data for statuses@https://registry.npmjs.org/statuses/-/statuses-2.0.2.tgz. Extracting by manifest.
261 silly tarball no local data for tsx@https://registry.npmjs.org/tsx/-/tsx-4.23.13.tgz. Extracting by manifest.
262 silly tarball no local data for source-map-js@https://registry.npmjs.org/source-map-js/-/source-map-js-1.2.1.tgz. Extracting by manifest.
263 silly tarball no local data for tailwindcss@https://registry.npmjs.org/tailwindcss/-/tailwindcss-4.3.3.tgz. Extracting by manifest.
264 silly tarball no local data for side-channel-map@https://registry.npmjs.org/side-channel-map/-/side-channel-map-1.0.1.tgz. Extracting by manifest.
265 silly tarball no local data for side-channel-weakmap@https://registry.npmjs.org/side-channel-weakmap/-/side-channel-weakmap-1.0.2.tgz. Extracting by manifest.
266 silly tarball no local data for side-channel@https://registry.npmjs.org/side-channel/-/side-channel-1.1.1.tgz. Extracting by manifest.
267 silly tarball no local data for setprototypeof@https://registry.npmjs.org/setprototypeof/-/setprototypeof-1.2.0.tgz. Extracting by manifest.
268 silly tarball no local data for side-channel-list@https://registry.npmjs.org/side-channel-list/-/side-channel-list-1.0.1.tgz. Extracting by manifest.
269 silly tarball no local data for serve-static@https://registry.npmjs.org/serve-static/-/serve-static-1.16.3.tgz. Extracting by manifest.
270 silly tarball no local data for scheduler@https://registry.npmjs.org/scheduler/-/scheduler-0.27.0.tgz. Extracting by manifest.
271 silly tarball no local data for send@https://registry.npmjs.org/send/-/send-0.19.2.tgz. Extracting by manifest.
272 silly tarball no local data for safer-buffer@https://registry.npmjs.org/safer-buffer/-/safer-buffer-2.1.2.tgz. Extracting by manifest.
273 silly tarball no local data for semver@https://registry.npmjs.org/semver/-/semver-6.3.1.tgz. Extracting by manifest.
274 silly tarball no local data for safe-buffer@https://registry.npmjs.org/safe-buffer/-/safe-buffer-5.2.1.tgz. Extracting by manifest.
275 silly tarball no local data for rollup@https://registry.npmjs.org/rollup/-/rollup-4.63.1.tgz. Extracting by manifest.
276 silly tarball no local data for react-refresh@https://registry.npmjs.org/react-refresh/-/react-refresh-0.18.0.tgz. Extracting by manifest.
277 silly tarball no local data for retry@https://registry.npmjs.org/retry/-/retry-0.13.1.tgz. Extracting by manifest.
278 silly tarball no local data for react-dom@https://registry.npmjs.org/react-dom/-/react-dom-19.2.8.tgz. Extracting by manifest.
279 silly tarball no local data for react@https://registry.npmjs.org/react/-/react-19.2.8.tgz. Extracting by manifest.
280 silly tarball no local data for raw-body@https://registry.npmjs.org/raw-body/-/raw-body-2.5.3.tgz. Extracting by manifest.
281 silly tarball no local data for range-parser@https://registry.npmjs.org/range-parser/-/range-parser-1.2.1.tgz. Extracting by manifest.
282 silly tarball no local data for qs@https://registry.npmjs.org/qs/-/qs-6.15.3.tgz. Extracting by manifest.
283 silly tarball no local data for proxy-addr@https://registry.npmjs.org/proxy-addr/-/proxy-addr-2.0.7.tgz. Extracting by manifest.
284 silly tarball no local data for protobufjs@https://registry.npmjs.org/protobufjs/-/protobufjs-7.6.6.tgz. Extracting by manifest.
285 silly tarball no local data for postcss-value-parser@https://registry.npmjs.org/postcss-value-parser/-/postcss-value-parser-4.2.0.tgz. Extracting by manifest.
286 silly tarball no local data for postcss@https://registry.npmjs.org/postcss/-/postcss-8.5.26.tgz. Extracting by manifest.
287 silly tarball no local data for picomatch@https://registry.npmjs.org/picomatch/-/picomatch-4.0.7.tgz. Extracting by manifest.
288 silly tarball no local data for picocolors@https://registry.npmjs.org/picocolors/-/picocolors-1.1.1.tgz. Extracting by manifest.
289 silly tarball no local data for path-to-regexp@https://registry.npmjs.org/path-to-regexp/-/path-to-regexp-0.1.13.tgz. Extracting by manifest.
290 silly tarball no local data for parseurl@https://registry.npmjs.org/parseurl/-/parseurl-1.3.3.tgz. Extracting by manifest.
291 silly tarball no local data for p-retry@https://registry.npmjs.org/p-retry/-/p-retry-4.6.2.tgz. Extracting by manifest.
292 silly tarball no local data for on-finished@https://registry.npmjs.org/on-finished/-/on-finished-2.4.1.tgz. Extracting by manifest.
293 silly tarball no local data for object-inspect@https://registry.npmjs.org/object-inspect/-/object-inspect-1.13.4.tgz. Extracting by manifest.
294 silly tarball no local data for node-fetch@https://registry.npmjs.org/node-fetch/-/node-fetch-3.3.2.tgz. Extracting by manifest.
295 silly tarball no local data for node-releases@https://registry.npmjs.org/node-releases/-/node-releases-2.0.54.tgz. Extracting by manifest.
296 silly tarball no local data for node-domexception@https://registry.npmjs.org/node-domexception/-/node-domexception-1.0.0.tgz. Extracting by manifest.
297 silly tarball no local data for negotiator@https://registry.npmjs.org/negotiator/-/negotiator-0.6.3.tgz. Extracting by manifest.
298 silly tarball no local data for nanoid@https://registry.npmjs.org/nanoid/-/nanoid-3.3.18.tgz. Extracting by manifest.
299 silly tarball no local data for ms@https://registry.npmjs.org/ms/-/ms-2.1.3.tgz. Extracting by manifest.
300 silly tarball no local data for motion-utils@https://registry.npmjs.org/motion-utils/-/motion-utils-12.39.0.tgz. Extracting by manifest.
301 silly tarball no local data for motion-dom@https://registry.npmjs.org/motion-dom/-/motion-dom-12.43.0.tgz. Extracting by manifest.
302 silly tarball no local data for motion@https://registry.npmjs.org/motion/-/motion-12.43.0.tgz. Extracting by manifest.
303 silly tarball no local data for mime-types@https://registry.npmjs.org/mime-types/-/mime-types-2.1.35.tgz. Extracting by manifest.
304 silly tarball no local data for mime-db@https://registry.npmjs.org/mime-db/-/mime-db-1.52.0.tgz. Extracting by manifest.
305 silly tarball no local data for mime@https://registry.npmjs.org/mime/-/mime-1.6.0.tgz. Extracting by manifest.
306 silly tarball no local data for methods@https://registry.npmjs.org/methods/-/methods-1.1.2.tgz. Extracting by manifest.
307 silly tarball no local data for meshoptimizer@https://registry.npmjs.org/meshoptimizer/-/meshoptimizer-1.1.1.tgz. Extracting by manifest.
308 silly tarball no local data for merge-descriptors@https://registry.npmjs.org/merge-descriptors/-/merge-descriptors-1.0.3.tgz. Extracting by manifest.
309 silly tarball no local data for media-typer@https://registry.npmjs.org/media-typer/-/media-typer-0.3.0.tgz. Extracting by manifest.
310 silly tarball no local data for math-intrinsics@https://registry.npmjs.org/math-intrinsics/-/math-intrinsics-1.1.0.tgz. Extracting by manifest.
311 silly tarball no local data for magic-string@https://registry.npmjs.org/magic-string/-/magic-string-0.30.21.tgz. Extracting by manifest.
312 silly tarball no local data for lru-cache@https://registry.npmjs.org/lru-cache/-/lru-cache-5.1.1.tgz. Extracting by manifest.
313 silly tarball no local data for long@https://registry.npmjs.org/long/-/long-5.3.2.tgz. Extracting by manifest.
314 silly tarball no local data for lucide-react@https://registry.npmjs.org/lucide-react/-/lucide-react-0.546.0.tgz. Extracting by manifest.
315 silly tarball no local data for lightningcss-win32-x64-msvc@https://registry.npmjs.org/lightningcss-win32-x64-msvc/-/lightningcss-win32-x64-msvc-1.32.0.tgz. Extracting by manifest.
316 silly tarball no local data for lightningcss@https://registry.npmjs.org/lightningcss/-/lightningcss-1.32.0.tgz. Extracting by manifest.
317 silly tarball no local data for lenis@https://registry.npmjs.org/lenis/-/lenis-1.3.26.tgz. Extracting by manifest.
318 silly tarball no local data for jwa@https://registry.npmjs.org/jwa/-/jwa-2.0.1.tgz. Extracting by manifest.
319 silly tarball no local data for jws@https://registry.npmjs.org/jws/-/jws-4.0.1.tgz. Extracting by manifest.
320 silly tarball no local data for json-bigint@https://registry.npmjs.org/json-bigint/-/json-bigint-1.0.0.tgz. Extracting by manifest.
321 silly tarball no local data for jsesc@https://registry.npmjs.org/jsesc/-/jsesc-3.1.0.tgz. Extracting by manifest.
322 silly tarball no local data for js-tokens@https://registry.npmjs.org/js-tokens/-/js-tokens-4.0.0.tgz. Extracting by manifest.
323 silly tarball no local data for jiti@https://registry.npmjs.org/jiti/-/jiti-2.7.0.tgz. Extracting by manifest.
324 silly tarball no local data for ipaddr.js@https://registry.npmjs.org/ipaddr.js/-/ipaddr.js-1.9.1.tgz. Extracting by manifest.
325 silly tarball no local data for inherits@https://registry.npmjs.org/inherits/-/inherits-2.0.4.tgz. Extracting by manifest.
326 silly tarball no local data for json5@https://registry.npmjs.org/json5/-/json5-2.2.3.tgz. Extracting by manifest.
327 silly tarball no local data for iconv-lite@https://registry.npmjs.org/iconv-lite/-/iconv-lite-0.4.24.tgz. Extracting by manifest.
328 silly tarball no local data for https-proxy-agent@https://registry.npmjs.org/https-proxy-agent/-/https-proxy-agent-7.0.6.tgz. Extracting by manifest.
329 silly tarball no local data for http-errors@https://registry.npmjs.org/http-errors/-/http-errors-2.0.1.tgz. Extracting by manifest.
330 silly tarball no local data for has-symbols@https://registry.npmjs.org/has-symbols/-/has-symbols-1.1.0.tgz. Extracting by manifest.
331 silly tarball no local data for graceful-fs@https://registry.npmjs.org/graceful-fs/-/graceful-fs-4.2.11.tgz. Extracting by manifest.
332 silly tarball no local data for gopd@https://registry.npmjs.org/gopd/-/gopd-1.2.0.tgz. Extracting by manifest.
333 silly tarball no local data for hasown@https://registry.npmjs.org/hasown/-/hasown-2.0.4.tgz. Extracting by manifest.
334 silly tarball no local data for google-logging-utils@https://registry.npmjs.org/google-logging-utils/-/google-logging-utils-1.1.3.tgz. Extracting by manifest.
335 silly tarball no local data for google-auth-library@https://registry.npmjs.org/google-auth-library/-/google-auth-library-10.9.1.tgz. Extracting by manifest.
336 silly tarball no local data for get-intrinsic@https://registry.npmjs.org/get-intrinsic/-/get-intrinsic-1.3.0.tgz. Extracting by manifest.
337 silly tarball no local data for get-proto@https://registry.npmjs.org/get-proto/-/get-proto-1.0.1.tgz. Extracting by manifest.
338 silly tarball no local data for gcp-metadata@https://registry.npmjs.org/gcp-metadata/-/gcp-metadata-8.1.2.tgz. Extracting by manifest.
339 silly tarball no local data for gaxios@https://registry.npmjs.org/gaxios/-/gaxios-7.3.1.tgz. Extracting by manifest.
340 silly tarball no local data for function-bind@https://registry.npmjs.org/function-bind/-/function-bind-1.1.2.tgz. Extracting by manifest.
341 silly tarball no local data for gensync@https://registry.npmjs.org/gensync/-/gensync-1.0.0-beta.2.tgz. Extracting by manifest.
342 silly tarball no local data for fresh@https://registry.npmjs.org/fresh/-/fresh-0.5.2.tgz. Extracting by manifest.
343 silly tarball no local data for framer-motion@https://registry.npmjs.org/framer-motion/-/framer-motion-12.43.0.tgz. Extracting by manifest.
344 silly tarball no local data for fraction.js@https://registry.npmjs.org/fraction.js/-/fraction.js-5.3.4.tgz. Extracting by manifest.
345 silly tarball no local data for forwarded@https://registry.npmjs.org/forwarded/-/forwarded-0.2.0.tgz. Extracting by manifest.
346 silly tarball no local data for finalhandler@https://registry.npmjs.org/finalhandler/-/finalhandler-1.3.2.tgz. Extracting by manifest.
347 silly tarball no local data for formdata-polyfill@https://registry.npmjs.org/formdata-polyfill/-/formdata-polyfill-4.0.10.tgz. Extracting by manifest.
348 silly tarball no local data for fflate@https://registry.npmjs.org/fflate/-/fflate-0.8.3.tgz. Extracting by manifest.
349 silly tarball no local data for fetch-blob@https://registry.npmjs.org/fetch-blob/-/fetch-blob-3.2.0.tgz. Extracting by manifest.
350 silly tarball no local data for fdir@https://registry.npmjs.org/fdir/-/fdir-6.5.0.tgz. Extracting by manifest.
351 silly tarball no local data for extend@https://registry.npmjs.org/extend/-/extend-3.0.2.tgz. Extracting by manifest.
352 silly tarball no local data for express@https://registry.npmjs.org/express/-/express-4.22.2.tgz. Extracting by manifest.
353 silly tarball no local data for etag@https://registry.npmjs.org/etag/-/etag-1.8.1.tgz. Extracting by manifest.
354 silly tarball no local data for escape-html@https://registry.npmjs.org/escape-html/-/escape-html-1.0.3.tgz. Extracting by manifest.
355 silly tarball no local data for escalade@https://registry.npmjs.org/escalade/-/escalade-3.2.0.tgz. Extracting by manifest.
356 silly tarball no local data for esbuild@https://registry.npmjs.org/esbuild/-/esbuild-0.25.12.tgz. Extracting by manifest.
357 silly tarball no local data for es-object-atoms@https://registry.npmjs.org/es-object-atoms/-/es-object-atoms-1.1.2.tgz. Extracting by manifest.
358 silly tarball no local data for es-errors@https://registry.npmjs.org/es-errors/-/es-errors-1.3.0.tgz. Extracting by manifest.
359 silly tarball no local data for es-define-property@https://registry.npmjs.org/es-define-property/-/es-define-property-1.0.1.tgz. Extracting by manifest.
360 silly tarball no local data for enhanced-resolve@https://registry.npmjs.org/enhanced-resolve/-/enhanced-resolve-5.24.5.tgz. Extracting by manifest.
361 silly tarball no local data for encodeurl@https://registry.npmjs.org/encodeurl/-/encodeurl-2.0.0.tgz. Extracting by manifest.
362 silly tarball no local data for ee-first@https://registry.npmjs.org/ee-first/-/ee-first-1.1.1.tgz. Extracting by manifest.
363 silly tarball no local data for electron-to-chromium@https://registry.npmjs.org/electron-to-chromium/-/electron-to-chromium-1.5.417.tgz. Extracting by manifest.
364 silly tarball no local data for ecdsa-sig-formatter@https://registry.npmjs.org/ecdsa-sig-formatter/-/ecdsa-sig-formatter-1.0.11.tgz. Extracting by manifest.
365 silly tarball no local data for dunder-proto@https://registry.npmjs.org/dunder-proto/-/dunder-proto-1.0.1.tgz. Extracting by manifest.
366 silly tarball no local data for dotenv@https://registry.npmjs.org/dotenv/-/dotenv-17.4.2.tgz. Extracting by manifest.
367 silly tarball no local data for detect-libc@https://registry.npmjs.org/detect-libc/-/detect-libc-2.1.2.tgz. Extracting by manifest.
368 silly tarball no local data for destroy@https://registry.npmjs.org/destroy/-/destroy-1.2.0.tgz. Extracting by manifest.
369 silly tarball no local data for depd@https://registry.npmjs.org/depd/-/depd-2.0.0.tgz. Extracting by manifest.
370 silly tarball no local data for data-uri-to-buffer@https://registry.npmjs.org/data-uri-to-buffer/-/data-uri-to-buffer-4.0.1.tgz. Extracting by manifest.
371 silly tarball no local data for debug@https://registry.npmjs.org/debug/-/debug-4.4.3.tgz. Extracting by manifest.
372 silly tarball no local data for csstype@https://registry.npmjs.org/csstype/-/csstype-3.2.3.tgz. Extracting by manifest.
373 silly tarball no local data for cookie-signature@https://registry.npmjs.org/cookie-signature/-/cookie-signature-1.0.7.tgz. Extracting by manifest.
374 silly tarball no local data for cookie@https://registry.npmjs.org/cookie/-/cookie-0.7.2.tgz. Extracting by manifest.
375 silly tarball no local data for content-type@https://registry.npmjs.org/content-type/-/content-type-1.0.5.tgz. Extracting by manifest.
376 silly tarball no local data for content-disposition@https://registry.npmjs.org/content-disposition/-/content-disposition-0.5.4.tgz. Extracting by manifest.
377 silly tarball no local data for convert-source-map@https://registry.npmjs.org/convert-source-map/-/convert-source-map-2.0.0.tgz. Extracting by manifest.
378 silly tarball no local data for canvas-confetti@https://registry.npmjs.org/canvas-confetti/-/canvas-confetti-1.9.4.tgz. Extracting by manifest.
379 silly tarball no local data for caniuse-lite@https://registry.npmjs.org/caniuse-lite/-/caniuse-lite-1.0.30001810.tgz. Extracting by manifest.
380 silly tarball no local data for call-bound@https://registry.npmjs.org/call-bound/-/call-bound-1.0.4.tgz. Extracting by manifest.
381 silly tarball no local data for call-bind-apply-helpers@https://registry.npmjs.org/call-bind-apply-helpers/-/call-bind-apply-helpers-1.0.2.tgz. Extracting by manifest.
382 silly tarball no local data for bytes@https://registry.npmjs.org/bytes/-/bytes-3.1.2.tgz. Extracting by manifest.
383 silly tarball no local data for buffer-equal-constant-time@https://registry.npmjs.org/buffer-equal-constant-time/-/buffer-equal-constant-time-1.0.1.tgz. Extracting by manifest.
384 silly tarball no local data for browserslist@https://registry.npmjs.org/browserslist/-/browserslist-4.28.8.tgz. Extracting by manifest.
385 silly tarball no local data for bignumber.js@https://registry.npmjs.org/bignumber.js/-/bignumber.js-9.3.1.tgz. Extracting by manifest.
386 silly tarball no local data for body-parser@https://registry.npmjs.org/body-parser/-/body-parser-1.20.6.tgz. Extracting by manifest.
387 silly tarball no local data for baseline-browser-mapping@https://registry.npmjs.org/baseline-browser-mapping/-/baseline-browser-mapping-2.11.20.tgz. Extracting by manifest.
388 silly tarball no local data for base64-js@https://registry.npmjs.org/base64-js/-/base64-js-1.5.1.tgz. Extracting by manifest.
389 silly tarball no local data for autoprefixer@https://registry.npmjs.org/autoprefixer/-/autoprefixer-10.5.4.tgz. Extracting by manifest.
390 silly tarball no local data for array-flatten@https://registry.npmjs.org/array-flatten/-/array-flatten-1.1.1.tgz. Extracting by manifest.
391 silly tarball no local data for @vitejs/plugin-react@https://registry.npmjs.org/@vitejs/plugin-react/-/plugin-react-5.2.0.tgz. Extracting by manifest.
392 silly tarball no local data for agent-base@https://registry.npmjs.org/agent-base/-/agent-base-7.1.4.tgz. Extracting by manifest.
393 silly tarball no local data for accepts@https://registry.npmjs.org/accepts/-/accepts-1.3.8.tgz. Extracting by manifest.
394 silly tarball no local data for @types/webxr@https://registry.npmjs.org/@types/webxr/-/webxr-0.5.24.tgz. Extracting by manifest.
395 silly tarball no local data for @types/stats.js@https://registry.npmjs.org/@types/stats.js/-/stats.js-0.17.4.tgz. Extracting by manifest.
396 silly tarball no local data for @types/three@https://registry.npmjs.org/@types/three/-/three-0.185.4.tgz. Extracting by manifest.
397 silly tarball no local data for @types/serve-static@https://registry.npmjs.org/@types/serve-static/-/serve-static-1.15.10.tgz. Extracting by manifest.
398 silly tarball no local data for @types/send@https://registry.npmjs.org/@types/send/-/send-1.2.1.tgz. Extracting by manifest.
399 silly tarball no local data for @types/retry@https://registry.npmjs.org/@types/retry/-/retry-0.12.0.tgz. Extracting by manifest.
400 silly tarball no local data for @types/react-dom@https://registry.npmjs.org/@types/react-dom/-/react-dom-19.2.5.tgz. Extracting by manifest.
401 silly tarball no local data for @types/range-parser@https://registry.npmjs.org/@types/range-parser/-/range-parser-1.2.7.tgz. Extracting by manifest.
402 silly tarball no local data for @types/react@https://registry.npmjs.org/@types/react/-/react-19.2.18.tgz. Extracting by manifest.
403 silly tarball no local data for @types/qs@https://registry.npmjs.org/@types/qs/-/qs-6.15.1.tgz. Extracting by manifest.
404 silly tarball no local data for @types/node@https://registry.npmjs.org/@types/node/-/node-22.20.1.tgz. Extracting by manifest.
405 silly tarball no local data for @types/http-errors@https://registry.npmjs.org/@types/http-errors/-/http-errors-2.0.5.tgz. Extracting by manifest.
406 silly tarball no local data for @types/mime@https://registry.npmjs.org/@types/mime/-/mime-1.3.5.tgz. Extracting by manifest.
407 silly tarball no local data for @types/express-serve-static-core@https://registry.npmjs.org/@types/express-serve-static-core/-/express-serve-static-core-4.19.9.tgz. Extracting by manifest.
408 silly tarball no local data for @types/canvas-confetti@https://registry.npmjs.org/@types/canvas-confetti/-/canvas-confetti-1.9.0.tgz. Extracting by manifest.
409 silly tarball no local data for @types/estree@https://registry.npmjs.org/@types/estree/-/estree-1.0.9.tgz. Extracting by manifest.
410 silly tarball no local data for @types/body-parser@https://registry.npmjs.org/@types/body-parser/-/body-parser-1.19.6.tgz. Extracting by manifest.
411 silly tarball no local data for @types/connect@https://registry.npmjs.org/@types/connect/-/connect-3.4.38.tgz. Extracting by manifest.
412 silly tarball no local data for @types/babel__generator@https://registry.npmjs.org/@types/babel__generator/-/babel__generator-7.27.0.tgz. Extracting by manifest.
413 silly tarball no local data for @types/babel__traverse@https://registry.npmjs.org/@types/babel__traverse/-/babel__traverse-7.28.0.tgz. Extracting by manifest.
414 silly tarball no local data for @types/babel__template@https://registry.npmjs.org/@types/babel__template/-/babel__template-7.4.4.tgz. Extracting by manifest.
415 silly tarball no local data for @types/express@https://registry.npmjs.org/@types/express/-/express-4.17.25.tgz. Extracting by manifest.
416 silly tarball no local data for @types/babel__core@https://registry.npmjs.org/@types/babel__core/-/babel__core-7.20.5.tgz. Extracting by manifest.
417 silly tarball no local data for @tailwindcss/vite@https://registry.npmjs.org/@tailwindcss/vite/-/vite-4.3.3.tgz. Extracting by manifest.
418 silly tarball no local data for @tailwindcss/oxide-win32-x64-msvc@https://registry.npmjs.org/@tailwindcss/oxide-win32-x64-msvc/-/oxide-win32-x64-msvc-4.3.3.tgz. Extracting by manifest.
419 silly tarball no local data for @tweenjs/tween.js@https://registry.npmjs.org/@tweenjs/tween.js/-/tween.js-23.1.3.tgz. Extracting by manifest.
420 silly tarball no local data for @tailwindcss/oxide@https://registry.npmjs.org/@tailwindcss/oxide/-/oxide-4.3.3.tgz. Extracting by manifest.
421 silly tarball no local data for @rollup/rollup-win32-x64-msvc@https://registry.npmjs.org/@rollup/rollup-win32-x64-msvc/-/rollup-win32-x64-msvc-4.63.1.tgz. Extracting by manifest.
422 silly tarball no local data for @tailwindcss/node@https://registry.npmjs.org/@tailwindcss/node/-/node-4.3.3.tgz. Extracting by manifest.
423 silly tarball no local data for @rollup/rollup-win32-x64-gnu@https://registry.npmjs.org/@rollup/rollup-win32-x64-gnu/-/rollup-win32-x64-gnu-4.63.1.tgz. Extracting by manifest.
424 silly tarball no local data for @rolldown/pluginutils@https://registry.npmjs.org/@rolldown/pluginutils/-/pluginutils-1.0.0-rc.3.tgz. Extracting by manifest.
425 silly tarball no local data for @protobufjs/path@https://registry.npmjs.org/@protobufjs/path/-/path-1.1.2.tgz. Extracting by manifest.
426 silly tarball no local data for @protobufjs/pool@https://registry.npmjs.org/@protobufjs/pool/-/pool-1.1.0.tgz. Extracting by manifest.
427 silly tarball no local data for @protobufjs/float@https://registry.npmjs.org/@protobufjs/float/-/float-1.0.2.tgz. Extracting by manifest.
428 silly tarball no local data for @protobufjs/utf8@https://registry.npmjs.org/@protobufjs/utf8/-/utf8-1.1.2.tgz. Extracting by manifest.
429 silly tarball no local data for @protobufjs/fetch@https://registry.npmjs.org/@protobufjs/fetch/-/fetch-1.1.1.tgz. Extracting by manifest.
430 silly tarball no local data for @protobufjs/base64@https://registry.npmjs.org/@protobufjs/base64/-/base64-1.1.2.tgz. Extracting by manifest.
431 silly tarball no local data for @protobufjs/codegen@https://registry.npmjs.org/@protobufjs/codegen/-/codegen-2.0.5.tgz. Extracting by manifest.
432 silly tarball no local data for @protobufjs/eventemitter@https://registry.npmjs.org/@protobufjs/eventemitter/-/eventemitter-1.1.1.tgz. Extracting by manifest.
433 silly tarball no local data for @protobufjs/aspromise@https://registry.npmjs.org/@protobufjs/aspromise/-/aspromise-1.1.2.tgz. Extracting by manifest.
434 silly tarball no local data for @jridgewell/sourcemap-codec@https://registry.npmjs.org/@jridgewell/sourcemap-codec/-/sourcemap-codec-1.6.0.tgz. Extracting by manifest.
435 silly tarball no local data for @jridgewell/trace-mapping@https://registry.npmjs.org/@jridgewell/trace-mapping/-/trace-mapping-0.3.31.tgz. Extracting by manifest.
436 silly tarball no local data for @jridgewell/resolve-uri@https://registry.npmjs.org/@jridgewell/resolve-uri/-/resolve-uri-3.1.2.tgz. Extracting by manifest.
437 silly tarball no local data for @jridgewell/remapping@https://registry.npmjs.org/@jridgewell/remapping/-/remapping-2.3.5.tgz. Extracting by manifest.
438 silly tarball no local data for @jridgewell/gen-mapping@https://registry.npmjs.org/@jridgewell/gen-mapping/-/gen-mapping-0.3.13.tgz. Extracting by manifest.
439 silly tarball no local data for @google/genai@https://registry.npmjs.org/@google/genai/-/genai-2.19.0.tgz. Extracting by manifest.
440 silly tarball no local data for @esbuild/win32-x64@https://registry.npmjs.org/@esbuild/win32-x64/-/win32-x64-0.25.12.tgz. Extracting by manifest.
441 silly tarball no local data for @dimforge/rapier3d-compat@https://registry.npmjs.org/@dimforge/rapier3d-compat/-/rapier3d-compat-0.12.0.tgz. Extracting by manifest.
442 silly tarball no local data for @babel/types@https://registry.npmjs.org/@babel/types/-/types-7.29.8.tgz. Extracting by manifest.
443 silly tarball no local data for @babel/traverse@https://registry.npmjs.org/@babel/traverse/-/traverse-7.29.8.tgz. Extracting by manifest.
444 silly tarball no local data for @babel/template@https://registry.npmjs.org/@babel/template/-/template-7.29.7.tgz. Extracting by manifest.
445 silly tarball no local data for @babel/plugin-transform-react-jsx-source@https://registry.npmjs.org/@babel/plugin-transform-react-jsx-source/-/plugin-transform-react-jsx-source-7.29.7.tgz. Extracting by manifest.
446 silly tarball no local data for @babel/plugin-transform-react-jsx-self@https://registry.npmjs.org/@babel/plugin-transform-react-jsx-self/-/plugin-transform-react-jsx-self-7.29.7.tgz. Extracting by manifest.
447 silly tarball no local data for @babel/parser@https://registry.npmjs.org/@babel/parser/-/parser-7.29.8.tgz. Extracting by manifest.
448 silly tarball no local data for @babel/helpers@https://registry.npmjs.org/@babel/helpers/-/helpers-7.29.7.tgz. Extracting by manifest.
449 silly tarball no local data for @babel/helper-validator-option@https://registry.npmjs.org/@babel/helper-validator-option/-/helper-validator-option-7.29.7.tgz. Extracting by manifest.
450 silly tarball no local data for @babel/helper-validator-identifier@https://registry.npmjs.org/@babel/helper-validator-identifier/-/helper-validator-identifier-7.29.7.tgz. Extracting by manifest.
451 silly tarball no local data for @babel/helper-module-transforms@https://registry.npmjs.org/@babel/helper-module-transforms/-/helper-module-transforms-7.29.7.tgz. Extracting by manifest.
452 silly tarball no local data for @babel/helper-string-parser@https://registry.npmjs.org/@babel/helper-string-parser/-/helper-string-parser-7.29.7.tgz. Extracting by manifest.
453 silly tarball no local data for @babel/helper-module-imports@https://registry.npmjs.org/@babel/helper-module-imports/-/helper-module-imports-7.29.7.tgz. Extracting by manifest.
454 silly tarball no local data for @babel/helper-plugin-utils@https://registry.npmjs.org/@babel/helper-plugin-utils/-/helper-plugin-utils-7.29.7.tgz. Extracting by manifest.
455 silly tarball no local data for @babel/helper-globals@https://registry.npmjs.org/@babel/helper-globals/-/helper-globals-7.29.7.tgz. Extracting by manifest.
456 silly tarball no local data for @babel/helper-compilation-targets@https://registry.npmjs.org/@babel/helper-compilation-targets/-/helper-compilation-targets-7.29.7.tgz. Extracting by manifest.
457 silly tarball no local data for @babel/generator@https://registry.npmjs.org/@babel/generator/-/generator-7.29.8.tgz. Extracting by manifest.
458 silly tarball no local data for @babel/core@https://registry.npmjs.org/@babel/core/-/core-7.29.7.tgz. Extracting by manifest.
459 silly tarball no local data for @babel/compat-data@https://registry.npmjs.org/@babel/compat-data/-/compat-data-7.29.7.tgz. Extracting by manifest.
460 silly tarball no local data for @babel/code-frame@https://registry.npmjs.org/@babel/code-frame/-/code-frame-7.29.7.tgz. Extracting by manifest.
461 silly tarball no local data for debug@https://registry.npmjs.org/debug/-/debug-2.6.9.tgz. Extracting by manifest.
462 silly tarball no local data for @esbuild/win32-x64@https://registry.npmjs.org/@esbuild/win32-x64/-/win32-x64-0.28.2.tgz. Extracting by manifest.
463 silly tarball no local data for ms@https://registry.npmjs.org/ms/-/ms-2.0.0.tgz. Extracting by manifest.
464 silly tarball no local data for ms@https://registry.npmjs.org/ms/-/ms-2.0.0.tgz. Extracting by manifest.
465 silly tarball no local data for ms@https://registry.npmjs.org/ms/-/ms-2.0.0.tgz. Extracting by manifest.
466 silly tarball no local data for debug@https://registry.npmjs.org/debug/-/debug-2.6.9.tgz. Extracting by manifest.
467 silly tarball no local data for esbuild@https://registry.npmjs.org/esbuild/-/esbuild-0.28.2.tgz. Extracting by manifest.
468 silly tarball no local data for ms@https://registry.npmjs.org/ms/-/ms-2.0.0.tgz. Extracting by manifest.
469 silly tarball no local data for debug@https://registry.npmjs.org/debug/-/debug-2.6.9.tgz. Extracting by manifest.
470 silly tarball no local data for debug@https://registry.npmjs.org/debug/-/debug-2.6.9.tgz. Extracting by manifest.
471 silly tarball no local data for @types/send@https://registry.npmjs.org/@types/send/-/send-0.17.6.tgz. Extracting by manifest.
472 http fetch GET 200 https://registry.npmjs.org/npm 2799ms
473 http fetch POST 200 https://registry.npmjs.org/-/npm/v1/security/advisories/bulk 2953ms
474 silly audit report {}
475 http fetch GET 200 https://registry.npmjs.org/setprototypeof/-/setprototypeof-1.2.0.tgz 6344ms (cache miss)
476 http fetch GET 200 https://registry.npmjs.org/safe-buffer/-/safe-buffer-5.2.1.tgz 6316ms (cache miss)
477 http fetch GET 200 https://registry.npmjs.org/unpipe/-/unpipe-1.0.0.tgz 6636ms (cache miss)
478 http fetch GET 200 https://registry.npmjs.org/vary/-/vary-1.1.2.tgz 6650ms (cache miss)
479 http fetch GET 200 https://registry.npmjs.org/toidentifier/-/toidentifier-1.0.1.tgz 6596ms (cache miss)
480 http fetch GET 200 https://registry.npmjs.org/raw-body/-/raw-body-2.5.3.tgz 6490ms (cache miss)
481 http fetch GET 200 https://registry.npmjs.org/proxy-addr/-/proxy-addr-2.0.7.tgz 6516ms (cache miss)
482 http fetch GET 200 https://registry.npmjs.org/picocolors/-/picocolors-1.1.1.tgz 6543ms (cache miss)
483 http fetch GET 200 https://registry.npmjs.org/path-to-regexp/-/path-to-regexp-0.1.13.tgz 6545ms (cache miss)
484 http fetch GET 200 https://registry.npmjs.org/utils-merge/-/utils-merge-1.0.1.tgz 6934ms (cache miss)
485 http fetch GET 200 https://registry.npmjs.org/statuses/-/statuses-2.0.2.tgz 6873ms (cache miss)
486 http fetch GET 200 https://registry.npmjs.org/send/-/send-0.19.2.tgz 6811ms (cache miss)
487 http fetch GET 200 https://registry.npmjs.org/retry/-/retry-0.13.1.tgz 6798ms (cache miss)
488 http fetch GET 200 https://registry.npmjs.org/parseurl/-/parseurl-1.3.3.tgz 6783ms (cache miss)
489 http fetch GET 200 https://registry.npmjs.org/on-finished/-/on-finished-2.4.1.tgz 6785ms (cache miss)
490 http fetch GET 200 https://registry.npmjs.org/node-releases/-/node-releases-2.0.54.tgz 6784ms (cache miss)
491 http fetch GET 200 https://registry.npmjs.org/type-is/-/type-is-1.6.18.tgz 7347ms (cache miss)
492 http fetch GET 200 https://registry.npmjs.org/yallist/-/yallist-3.1.1.tgz 7402ms (cache miss)
493 http fetch GET 200 https://registry.npmjs.org/range-parser/-/range-parser-1.2.1.tgz 7235ms (cache miss)
494 http fetch GET 200 https://registry.npmjs.org/ms/-/ms-2.1.3.tgz 7151ms (cache miss)
495 http fetch GET 200 https://registry.npmjs.org/negotiator/-/negotiator-0.6.3.tgz 7215ms (cache miss)
496 http fetch GET 200 https://registry.npmjs.org/methods/-/methods-1.1.2.tgz 7147ms (cache miss)
497 http fetch GET 200 https://registry.npmjs.org/p-retry/-/p-retry-4.6.2.tgz 7478ms (cache miss)
498 http fetch GET 200 https://registry.npmjs.org/merge-descriptors/-/merge-descriptors-1.0.3.tgz 7461ms (cache miss)
499 http fetch GET 200 https://registry.npmjs.org/mime-types/-/mime-types-2.1.35.tgz 7585ms (cache miss)
500 http fetch GET 200 https://registry.npmjs.org/lru-cache/-/lru-cache-5.1.1.tgz 8346ms (cache miss)
501 http fetch GET 200 https://registry.npmjs.org/jwa/-/jwa-2.0.1.tgz 8357ms (cache miss)
502 http fetch GET 200 https://registry.npmjs.org/media-typer/-/media-typer-0.3.0.tgz 8381ms (cache miss)
503 http fetch GET 200 https://registry.npmjs.org/json-bigint/-/json-bigint-1.0.0.tgz 8632ms (cache miss)
504 http fetch GET 200 https://registry.npmjs.org/http-errors/-/http-errors-2.0.1.tgz 8629ms (cache miss)
505 http fetch GET 200 https://registry.npmjs.org/inherits/-/inherits-2.0.4.tgz 8754ms (cache miss)
506 http fetch GET 200 https://registry.npmjs.org/ipaddr.js/-/ipaddr.js-1.9.1.tgz 8759ms (cache miss)
507 http fetch GET 200 https://registry.npmjs.org/jsesc/-/jsesc-3.1.0.tgz 8765ms (cache miss)
508 http fetch GET 200 https://registry.npmjs.org/js-tokens/-/js-tokens-4.0.0.tgz 9200ms (cache miss)
509 http fetch GET 200 https://registry.npmjs.org/https-proxy-agent/-/https-proxy-agent-7.0.6.tgz 9205ms (cache miss)
510 http fetch GET 200 https://registry.npmjs.org/gopd/-/gopd-1.2.0.tgz 9194ms (cache miss)
511 http fetch GET 200 https://registry.npmjs.org/serve-static/-/serve-static-1.16.3.tgz 9904ms (cache miss)
512 http fetch GET 200 https://registry.npmjs.org/graceful-fs/-/graceful-fs-4.2.11.tgz 9712ms (cache miss)
513 http fetch GET 200 https://registry.npmjs.org/fresh/-/fresh-0.5.2.tgz 9697ms (cache miss)
514 http fetch GET 200 https://registry.npmjs.org/forwarded/-/forwarded-0.2.0.tgz 9716ms (cache miss)
515 http fetch GET 200 https://registry.npmjs.org/update-browserslist-db/-/update-browserslist-db-1.3.2.tgz 10149ms (cache miss)
516 http fetch GET 200 https://registry.npmjs.org/get-proto/-/get-proto-1.0.1.tgz 9795ms (cache miss)
517 http fetch GET 200 https://registry.npmjs.org/function-bind/-/function-bind-1.1.2.tgz 9790ms (cache miss)
518 http fetch GET 200 https://registry.npmjs.org/gensync/-/gensync-1.0.0-beta.2.tgz 9792ms (cache miss)
519 http fetch GET 200 https://registry.npmjs.org/fdir/-/fdir-6.5.0.tgz 9851ms (cache miss)
520 http fetch GET 200 https://registry.npmjs.org/etag/-/etag-1.8.1.tgz 9935ms (cache miss)
521 http fetch GET 200 https://registry.npmjs.org/finalhandler/-/finalhandler-1.3.2.tgz 10093ms (cache miss)
522 http fetch GET 200 https://registry.npmjs.org/fetch-blob/-/fetch-blob-3.2.0.tgz 10116ms (cache miss)
523 http fetch GET 200 https://registry.npmjs.org/es-define-property/-/es-define-property-1.0.1.tgz 10104ms (cache miss)
524 http fetch GET 200 https://registry.npmjs.org/ee-first/-/ee-first-1.1.1.tgz 10287ms (cache miss)
525 http fetch GET 200 https://registry.npmjs.org/extend/-/extend-3.0.2.tgz 10588ms (cache miss)
526 http fetch GET 200 https://registry.npmjs.org/escape-html/-/escape-html-1.0.3.tgz 10588ms (cache miss)
527 http fetch GET 200 https://registry.npmjs.org/es-object-atoms/-/es-object-atoms-1.1.2.tgz 10598ms (cache miss)
528 http fetch GET 200 https://registry.npmjs.org/call-bind-apply-helpers/-/call-bind-apply-helpers-1.0.2.tgz 10578ms (cache miss)
529 http fetch GET 200 https://registry.npmjs.org/tinyglobby/-/tinyglobby-0.2.17.tgz 11009ms (cache miss)
530 http fetch GET 200 https://registry.npmjs.org/encodeurl/-/encodeurl-2.0.0.tgz 10750ms (cache miss)
531 http fetch GET 200 https://registry.npmjs.org/cookie/-/cookie-0.7.2.tgz 10842ms (cache miss)
532 http fetch GET 200 https://registry.npmjs.org/buffer-equal-constant-time/-/buffer-equal-constant-time-1.0.1.tgz 10941ms (cache miss)
533 http fetch GET 200 https://registry.npmjs.org/ecdsa-sig-formatter/-/ecdsa-sig-formatter-1.0.11.tgz 11198ms (cache miss)
534 http fetch GET 200 https://registry.npmjs.org/destroy/-/destroy-1.2.0.tgz 11239ms (cache miss)
535 http fetch GET 200 https://registry.npmjs.org/depd/-/depd-2.0.0.tgz 11242ms (cache miss)
536 http fetch GET 200 https://registry.npmjs.org/call-bound/-/call-bound-1.0.4.tgz 11235ms (cache miss)
537 http fetch GET 200 https://registry.npmjs.org/convert-source-map/-/convert-source-map-2.0.0.tgz 11256ms (cache miss)
538 http fetch GET 200 https://registry.npmjs.org/content-type/-/content-type-1.0.5.tgz 11261ms (cache miss)
539 http fetch GET 200 https://registry.npmjs.org/cookie-signature/-/cookie-signature-1.0.7.tgz 11369ms (cache miss)
540 http fetch GET 200 https://registry.npmjs.org/bytes/-/bytes-3.1.2.tgz 11359ms (cache miss)
541 http fetch GET 200 https://registry.npmjs.org/@types/retry/-/retry-0.12.0.tgz 11392ms (cache miss)
542 http fetch GET 200 https://registry.npmjs.org/safer-buffer/-/safer-buffer-2.1.2.tgz 11917ms (cache miss)
543 http fetch GET 200 https://registry.npmjs.org/content-disposition/-/content-disposition-0.5.4.tgz 11768ms (cache miss)
544 http fetch GET 200 https://registry.npmjs.org/@types/mime/-/mime-1.3.5.tgz 11765ms (cache miss)
545 http fetch GET 200 https://registry.npmjs.org/@types/serve-static/-/serve-static-1.15.10.tgz 11866ms (cache miss)
546 http fetch GET 200 https://registry.npmjs.org/body-parser/-/body-parser-1.20.6.tgz 11888ms (cache miss)
547 http fetch GET 200 https://registry.npmjs.org/@types/stats.js/-/stats.js-0.17.4.tgz 11960ms (cache miss)
548 http fetch GET 200 https://registry.npmjs.org/mime-db/-/mime-db-1.52.0.tgz 12153ms (cache miss)
549 http fetch GET 200 https://registry.npmjs.org/formdata-polyfill/-/formdata-polyfill-4.0.10.tgz 12065ms (cache miss)
550 http fetch GET 200 https://registry.npmjs.org/data-uri-to-buffer/-/data-uri-to-buffer-4.0.1.tgz 12037ms (cache miss)
551 http fetch GET 200 https://registry.npmjs.org/array-flatten/-/array-flatten-1.1.1.tgz 12014ms (cache miss)
552 http fetch GET 200 https://registry.npmjs.org/base64-js/-/base64-js-1.5.1.tgz 12018ms (cache miss)
553 http fetch GET 200 https://registry.npmjs.org/@vitejs/plugin-react/-/plugin-react-5.2.0.tgz 12016ms (cache miss)
554 http fetch GET 200 https://registry.npmjs.org/@types/webxr/-/webxr-0.5.24.tgz 12012ms (cache miss)
555 http fetch GET 200 https://registry.npmjs.org/agent-base/-/agent-base-7.1.4.tgz 12019ms (cache miss)
556 http fetch GET 200 https://registry.npmjs.org/@types/http-errors/-/http-errors-2.0.5.tgz 12004ms (cache miss)
557 http fetch GET 200 https://registry.npmjs.org/@types/canvas-confetti/-/canvas-confetti-1.9.0.tgz 12042ms (cache miss)
558 http fetch GET 200 https://registry.npmjs.org/semver/-/semver-6.3.1.tgz 12388ms (cache miss)
559 http fetch GET 200 https://registry.npmjs.org/accepts/-/accepts-1.3.8.tgz 12113ms (cache miss)
560 http fetch GET 200 https://registry.npmjs.org/@types/send/-/send-1.2.1.tgz 12106ms (cache miss)
561 http fetch GET 200 https://registry.npmjs.org/@types/range-parser/-/range-parser-1.2.7.tgz 12102ms (cache miss)
562 http fetch GET 200 https://registry.npmjs.org/@types/babel__generator/-/babel__generator-7.27.0.tgz 12088ms (cache miss)
563 http fetch GET 200 https://registry.npmjs.org/@types/react-dom/-/react-dom-19.2.5.tgz 12109ms (cache miss)
564 http fetch GET 200 https://registry.npmjs.org/@types/babel__template/-/babel__template-7.4.4.tgz 12090ms (cache miss)
565 http fetch GET 200 https://registry.npmjs.org/@types/qs/-/qs-6.15.1.tgz 12159ms (cache miss)
566 http fetch GET 200 https://registry.npmjs.org/postcss-value-parser/-/postcss-value-parser-4.2.0.tgz 12504ms (cache miss)
567 http fetch GET 200 https://registry.npmjs.org/mime/-/mime-1.6.0.tgz 12399ms (cache miss)
568 http fetch GET 200 https://registry.npmjs.org/@types/body-parser/-/body-parser-1.19.6.tgz 12227ms (cache miss)
569 http fetch GET 200 https://registry.npmjs.org/@types/connect/-/connect-3.4.38.tgz 12227ms (cache miss)
570 http fetch GET 200 https://registry.npmjs.org/@protobufjs/path/-/path-1.1.2.tgz 12224ms (cache miss)
571 http fetch GET 200 https://registry.npmjs.org/@protobufjs/fetch/-/fetch-1.1.1.tgz 12264ms (cache miss)
572 http fetch GET 200 https://registry.npmjs.org/side-channel-map/-/side-channel-map-1.0.1.tgz 12762ms (cache miss)
573 http fetch GET 200 https://registry.npmjs.org/side-channel-weakmap/-/side-channel-weakmap-1.0.2.tgz 12758ms (cache miss)
574 http fetch GET 200 https://registry.npmjs.org/react-refresh/-/react-refresh-0.18.0.tgz 12711ms (cache miss)
575 http fetch GET 200 https://registry.npmjs.org/@types/estree/-/estree-1.0.9.tgz 12444ms (cache miss)
576 http fetch GET 200 https://registry.npmjs.org/@tailwindcss/vite/-/vite-4.3.3.tgz 12440ms (cache miss)
577 http fetch GET 200 https://registry.npmjs.org/@types/express-serve-static-core/-/express-serve-static-core-4.19.9.tgz 12461ms (cache miss)
578 http fetch GET 200 https://registry.npmjs.org/@types/express/-/express-4.17.25.tgz 12454ms (cache miss)
579 http fetch GET 200 https://registry.npmjs.org/@types/babel__core/-/babel__core-7.20.5.tgz 12457ms (cache miss)
580 http fetch GET 200 https://registry.npmjs.org/@protobufjs/pool/-/pool-1.1.0.tgz 12449ms (cache miss)
581 http fetch GET 200 https://registry.npmjs.org/@protobufjs/float/-/float-1.0.2.tgz 12448ms (cache miss)
582 http fetch GET 200 https://registry.npmjs.org/@rolldown/pluginutils/-/pluginutils-1.0.0-rc.3.tgz 12485ms (cache miss)
583 http fetch GET 200 https://registry.npmjs.org/hasown/-/hasown-2.0.4.tgz 12658ms (cache miss)
584 http fetch GET 200 https://registry.npmjs.org/get-intrinsic/-/get-intrinsic-1.3.0.tgz 12651ms (cache miss)
585 http fetch GET 200 https://registry.npmjs.org/canvas-confetti/-/canvas-confetti-1.9.4.tgz 12616ms (cache miss)
586 http fetch GET 200 https://registry.npmjs.org/@types/babel__traverse/-/babel__traverse-7.28.0.tgz 12568ms (cache miss)
587 http fetch GET 200 https://registry.npmjs.org/@tailwindcss/oxide/-/oxide-4.3.3.tgz 12561ms (cache miss)
588 http fetch GET 200 https://registry.npmjs.org/side-channel-list/-/side-channel-list-1.0.1.tgz 13039ms (cache miss)
589 http fetch GET 200 https://registry.npmjs.org/debug/-/debug-4.4.3.tgz 13003ms (cache miss)
590 http fetch GET 200 https://registry.npmjs.org/@protobufjs/codegen/-/codegen-2.0.5.tgz 12914ms (cache miss)
591 http fetch GET 200 https://registry.npmjs.org/@protobufjs/base64/-/base64-1.1.2.tgz 12923ms (cache miss)
592 http fetch GET 200 https://registry.npmjs.org/@babel/helper-globals/-/helper-globals-7.29.7.tgz 12915ms (cache miss)
593 http fetch GET 200 https://registry.npmjs.org/jws/-/jws-4.0.1.tgz 13205ms (cache miss)
594 http fetch GET 200 https://registry.npmjs.org/esbuild/-/esbuild-0.25.12.tgz 13137ms (cache miss)
595 http fetch GET 200 https://registry.npmjs.org/@protobufjs/aspromise/-/aspromise-1.1.2.tgz 13044ms (cache miss)
596 http fetch GET 200 https://registry.npmjs.org/@jridgewell/remapping/-/remapping-2.3.5.tgz 13052ms (cache miss)
597 http fetch GET 200 https://registry.npmjs.org/@babel/helper-validator-option/-/helper-validator-option-7.29.7.tgz 13172ms (cache miss)
598 http fetch GET 200 https://registry.npmjs.org/@babel/compat-data/-/compat-data-7.29.7.tgz 13198ms (cache miss)
599 http fetch GET 200 https://registry.npmjs.org/@babel/helper-string-parser/-/helper-string-parser-7.29.7.tgz 13212ms (cache miss)
600 http fetch GET 200 https://registry.npmjs.org/@protobufjs/eventemitter/-/eventemitter-1.1.1.tgz 13305ms (cache miss)
601 http fetch GET 200 https://registry.npmjs.org/@babel/plugin-transform-react-jsx-self/-/plugin-transform-react-jsx-self-7.29.7.tgz 13383ms (cache miss)
602 http fetch GET 200 https://registry.npmjs.org/@babel/plugin-transform-react-jsx-source/-/plugin-transform-react-jsx-source-7.29.7.tgz 13387ms (cache miss)
603 http fetch GET 200 https://registry.npmjs.org/@babel/helper-validator-identifier/-/helper-validator-identifier-7.29.7.tgz 13382ms (cache miss)
604 http fetch GET 200 https://registry.npmjs.org/@babel/code-frame/-/code-frame-7.29.7.tgz 13372ms (cache miss)
605 http fetch GET 200 https://registry.npmjs.org/detect-libc/-/detect-libc-2.1.2.tgz 13537ms (cache miss)
606 http fetch GET 200 https://registry.npmjs.org/@babel/helper-plugin-utils/-/helper-plugin-utils-7.29.7.tgz 13420ms (cache miss)
607 http fetch GET 200 https://registry.npmjs.org/ms/-/ms-2.0.0.tgz 13377ms (cache miss)
608 http fetch GET 200 https://registry.npmjs.org/ms/-/ms-2.0.0.tgz 13449ms (cache miss)
609 http fetch GET 200 https://registry.npmjs.org/ms/-/ms-2.0.0.tgz 13454ms (cache miss)
610 http fetch GET 200 https://registry.npmjs.org/ms/-/ms-2.0.0.tgz 13459ms (cache miss)
611 http fetch GET 200 https://registry.npmjs.org/@types/send/-/send-0.17.6.tgz 13496ms (cache miss)
612 http fetch GET 200 https://registry.npmjs.org/side-channel/-/side-channel-1.1.1.tgz 13996ms (cache miss)
613 http fetch GET 200 https://registry.npmjs.org/long/-/long-5.3.2.tgz 13828ms (cache miss)
614 http fetch GET 200 https://registry.npmjs.org/browserslist/-/browserslist-4.28.8.tgz 14285ms (cache miss)
615 http fetch GET 200 https://registry.npmjs.org/escalade/-/escalade-3.2.0.tgz 14425ms (cache miss)
616 http fetch GET 200 https://registry.npmjs.org/gcp-metadata/-/gcp-metadata-8.1.2.tgz 14943ms (cache miss)
617 http fetch GET 200 https://registry.npmjs.org/@jridgewell/resolve-uri/-/resolve-uri-3.1.2.tgz 14838ms (cache miss)
618 http fetch GET 200 https://registry.npmjs.org/@protobufjs/utf8/-/utf8-1.1.2.tgz 14888ms (cache miss)
619 http fetch GET 200 https://registry.npmjs.org/baseline-browser-mapping/-/baseline-browser-mapping-2.11.20.tgz 14988ms (cache miss)
620 http fetch GET 200 https://registry.npmjs.org/esbuild/-/esbuild-0.28.2.tgz 14841ms (cache miss)
621 http fetch GET 200 https://registry.npmjs.org/electron-to-chromium/-/electron-to-chromium-1.5.417.tgz 15358ms (cache miss)
622 http fetch GET 200 https://registry.npmjs.org/@tweenjs/tween.js/-/tween.js-23.1.3.tgz 15303ms (cache miss)
623 http fetch GET 200 https://registry.npmjs.org/picomatch/-/picomatch-4.0.7.tgz 15625ms (cache miss)
624 http fetch GET 200 https://registry.npmjs.org/scheduler/-/scheduler-0.27.0.tgz 16203ms (cache miss)
625 http fetch GET 200 https://registry.npmjs.org/dunder-proto/-/dunder-proto-1.0.1.tgz 15991ms (cache miss)
626 http fetch GET 200 https://registry.npmjs.org/tslib/-/tslib-2.8.1.tgz 16734ms (cache miss)
627 http fetch GET 200 https://registry.npmjs.org/bignumber.js/-/bignumber.js-9.3.1.tgz 16353ms (cache miss)
628 http fetch GET 200 https://registry.npmjs.org/has-symbols/-/has-symbols-1.1.0.tgz 16563ms (cache miss)
629 http fetch GET 200 https://registry.npmjs.org/dotenv/-/dotenv-17.4.2.tgz 17051ms (cache miss)
630 http fetch GET 200 https://registry.npmjs.org/@tailwindcss/node/-/node-4.3.3.tgz 17091ms (cache miss)
631 http fetch GET 200 https://registry.npmjs.org/@babel/helper-module-imports/-/helper-module-imports-7.29.7.tgz 17046ms (cache miss)
632 http fetch GET 200 https://registry.npmjs.org/magic-string/-/magic-string-0.30.21.tgz 17469ms (cache miss)
633 http fetch GET 200 https://registry.npmjs.org/es-errors/-/es-errors-1.3.0.tgz 18021ms (cache miss)
634 http fetch GET 200 https://registry.npmjs.org/meshoptimizer/-/meshoptimizer-1.1.1.tgz 18818ms (cache miss)
635 http fetch GET 200 https://registry.npmjs.org/debug/-/debug-2.6.9.tgz 18529ms (cache miss)
636 http fetch GET 200 https://registry.npmjs.org/debug/-/debug-2.6.9.tgz 18527ms (cache miss)
637 http fetch GET 200 https://registry.npmjs.org/debug/-/debug-2.6.9.tgz 18576ms (cache miss)
638 http fetch GET 200 https://registry.npmjs.org/debug/-/debug-2.6.9.tgz 18638ms (cache miss)
639 http fetch GET 200 https://registry.npmjs.org/lightningcss/-/lightningcss-1.32.0.tgz 18953ms (cache miss)
640 http fetch GET 200 https://registry.npmjs.org/google-logging-utils/-/google-logging-utils-1.1.3.tgz 19112ms (cache miss)
641 http fetch GET 200 https://registry.npmjs.org/@types/react/-/react-19.2.18.tgz 19606ms (cache miss)
642 http fetch GET 200 https://registry.npmjs.org/csstype/-/csstype-3.2.3.tgz 19656ms (cache miss)
643 http fetch GET 200 https://registry.npmjs.org/source-map-js/-/source-map-js-1.2.1.tgz 20041ms (cache miss)
644 http fetch GET 200 https://registry.npmjs.org/node-fetch/-/node-fetch-3.3.2.tgz 19954ms (cache miss)
645 http fetch GET 200 https://registry.npmjs.org/fraction.js/-/fraction.js-5.3.4.tgz 19836ms (cache miss)
646 http fetch GET 200 https://registry.npmjs.org/@babel/helper-compilation-targets/-/helper-compilation-targets-7.29.7.tgz 19687ms (cache miss)
647 http fetch GET 200 https://registry.npmjs.org/express/-/express-4.22.2.tgz 19881ms (cache miss)
648 http fetch GET 200 https://registry.npmjs.org/nanoid/-/nanoid-3.3.18.tgz 20083ms (cache miss)
649 http fetch GET 200 https://registry.npmjs.org/tapable/-/tapable-2.3.3.tgz 20243ms (cache miss)
650 http fetch GET 200 https://registry.npmjs.org/json5/-/json5-2.2.3.tgz 20002ms (cache miss)
651 http fetch GET 200 https://registry.npmjs.org/@babel/helper-module-transforms/-/helper-module-transforms-7.29.7.tgz 19845ms (cache miss)
652 http fetch GET 200 https://registry.npmjs.org/ws/-/ws-8.21.3.tgz 20439ms (cache miss)
653 http fetch GET 200 https://registry.npmjs.org/qs/-/qs-6.15.3.tgz 20312ms (cache miss)
654 http fetch GET 200 https://registry.npmjs.org/@babel/template/-/template-7.29.7.tgz 20213ms (cache miss)
655 http fetch GET 200 https://registry.npmjs.org/fflate/-/fflate-0.8.3.tgz 25089ms (cache miss)
656 http fetch GET 200 https://registry.npmjs.org/react/-/react-19.2.8.tgz 25805ms (cache miss)
657 http fetch GET 200 https://registry.npmjs.org/math-intrinsics/-/math-intrinsics-1.1.0.tgz 25857ms (cache miss)
658 http fetch GET 200 https://registry.npmjs.org/undici-types/-/undici-types-6.21.0.tgz 27163ms (cache miss)
659 http fetch GET 200 https://registry.npmjs.org/iconv-lite/-/iconv-lite-0.4.24.tgz 27031ms (cache miss)
660 http fetch GET 200 https://registry.npmjs.org/lenis/-/lenis-1.3.26.tgz 27153ms (cache miss)
661 http fetch GET 200 https://registry.npmjs.org/@babel/parser/-/parser-7.29.8.tgz 27003ms (cache miss)
662 http fetch GET 200 https://registry.npmjs.org/@rollup/rollup-win32-x64-gnu/-/rollup-win32-x64-gnu-4.63.1.tgz 27228ms (cache miss)
663 http fetch GET 200 https://registry.npmjs.org/object-inspect/-/object-inspect-1.13.4.tgz 27742ms (cache miss)
664 http fetch GET 200 https://registry.npmjs.org/jiti/-/jiti-2.7.0.tgz 27741ms (cache miss)
665 http fetch GET 200 https://registry.npmjs.org/@jridgewell/sourcemap-codec/-/sourcemap-codec-1.6.0.tgz 27655ms (cache miss)
666 http fetch GET 200 https://registry.npmjs.org/@jridgewell/gen-mapping/-/gen-mapping-0.3.13.tgz 27657ms (cache miss)
667 http fetch GET 200 https://registry.npmjs.org/@rollup/rollup-win32-x64-msvc/-/rollup-win32-x64-msvc-4.63.1.tgz 28450ms (cache miss)
668 http fetch GET 200 https://registry.npmjs.org/node-domexception/-/node-domexception-1.0.0.tgz 28904ms (cache miss)
669 warn deprecated node-domexception@1.0.0: Use your platform's native DOMException instead
670 http fetch GET 200 https://registry.npmjs.org/motion/-/motion-12.43.0.tgz 29493ms (cache miss)
671 http fetch GET 200 https://registry.npmjs.org/tailwindcss/-/tailwindcss-4.3.3.tgz 29753ms (cache miss)
672 http fetch GET 200 https://registry.npmjs.org/@tailwindcss/oxide-win32-x64-msvc/-/oxide-win32-x64-msvc-4.3.3.tgz 31241ms (cache miss)
673 http fetch GET 200 https://registry.npmjs.org/@jridgewell/trace-mapping/-/trace-mapping-0.3.31.tgz 32825ms (cache miss)
674 http fetch GET 200 https://registry.npmjs.org/postcss/-/postcss-8.5.26.tgz 33292ms (cache miss)
675 http fetch GET 200 https://registry.npmjs.org/@babel/generator/-/generator-7.29.8.tgz 33606ms (cache miss)
676 http fetch GET 200 https://registry.npmjs.org/tsx/-/tsx-4.23.13.tgz 34165ms (cache miss)
677 http fetch GET 200 https://registry.npmjs.org/enhanced-resolve/-/enhanced-resolve-5.24.5.tgz 34191ms (cache miss)
678 http fetch GET 200 https://registry.npmjs.org/rollup/-/rollup-4.63.1.tgz 34477ms (cache miss)
679 http fetch GET 200 https://registry.npmjs.org/vite/-/vite-6.4.3.tgz 35279ms (cache miss)
680 http fetch GET 200 https://registry.npmjs.org/@types/node/-/node-22.20.1.tgz 36161ms (cache miss)
681 http fetch GET 200 https://registry.npmjs.org/@babel/traverse/-/traverse-7.29.8.tgz 36568ms (cache miss)
682 http fetch GET 200 https://registry.npmjs.org/motion-utils/-/motion-utils-12.39.0.tgz 36940ms (cache miss)
683 http fetch GET 200 https://registry.npmjs.org/autoprefixer/-/autoprefixer-10.5.4.tgz 38988ms (cache miss)
684 http fetch GET 200 https://registry.npmjs.org/lightningcss-win32-x64-msvc/-/lightningcss-win32-x64-msvc-1.32.0.tgz 40448ms (cache miss)
685 http fetch GET 200 https://registry.npmjs.org/react-dom/-/react-dom-19.2.8.tgz 41848ms (cache miss)
686 http fetch GET 200 https://registry.npmjs.org/protobufjs/-/protobufjs-7.6.6.tgz 41857ms (cache miss)
687 http fetch GET 200 https://registry.npmjs.org/gaxios/-/gaxios-7.3.1.tgz 41988ms (cache miss)
688 http fetch GET 200 https://registry.npmjs.org/@esbuild/win32-x64/-/win32-x64-0.25.12.tgz 41907ms (cache miss)
689 http fetch GET 200 https://registry.npmjs.org/@dimforge/rapier3d-compat/-/rapier3d-compat-0.12.0.tgz 42163ms (cache miss)
690 http fetch GET 200 https://registry.npmjs.org/@esbuild/win32-x64/-/win32-x64-0.28.2.tgz 43142ms (cache miss)
691 http fetch GET 200 https://registry.npmjs.org/@google/genai/-/genai-2.19.0.tgz 44441ms (cache miss)
692 http fetch GET 200 https://registry.npmjs.org/web-streams-polyfill/-/web-streams-polyfill-3.3.3.tgz 45234ms (cache miss)
693 http fetch GET 200 https://registry.npmjs.org/google-auth-library/-/google-auth-library-10.9.1.tgz 44906ms (cache miss)
694 http fetch GET 200 https://registry.npmjs.org/@babel/core/-/core-7.29.7.tgz 46570ms (cache miss)
695 http fetch GET 200 https://registry.npmjs.org/@babel/types/-/types-7.29.8.tgz 49254ms (cache miss)
696 http fetch GET 200 https://registry.npmjs.org/@babel/helpers/-/helpers-7.29.7.tgz 52225ms (cache miss)
697 http fetch GET 200 https://registry.npmjs.org/typescript/-/typescript-5.8.3.tgz 58282ms (cache miss)
698 http fetch GET 200 https://registry.npmjs.org/framer-motion/-/framer-motion-12.43.0.tgz 80569ms (cache miss)
699 http fetch GET 200 https://registry.npmjs.org/motion-dom/-/motion-dom-12.43.0.tgz 93155ms (cache miss)
700 http fetch GET 200 https://registry.npmjs.org/caniuse-lite/-/caniuse-lite-1.0.30001810.tgz 99164ms (cache miss)
701 http fetch GET 200 https://registry.npmjs.org/@types/three/-/three-0.185.4.tgz 102620ms (cache miss)
702 http fetch GET 200 https://registry.npmjs.org/three/-/three-0.185.1.tgz 120155ms (cache miss)
703 http fetch GET 200 https://registry.npmjs.org/lucide-react/-/lucide-react-0.546.0.tgz 147802ms (cache miss)
704 silly ADD node_modules/yallist
705 silly ADD node_modules/ws
706 silly ADD node_modules/web-streams-polyfill
707 silly ADD node_modules/vite
708 silly ADD node_modules/vary
709 silly ADD node_modules/utils-merge
710 silly ADD node_modules/update-browserslist-db
711 silly ADD node_modules/unpipe
712 silly ADD node_modules/undici-types
713 silly ADD node_modules/typescript
714 silly ADD node_modules/type-is
715 silly ADD node_modules/tsx
716 silly ADD node_modules/tsx/node_modules/esbuild
717 silly ADD node_modules/tsx/node_modules/@esbuild/win32-x64
718 silly ADD node_modules/tslib
719 silly ADD node_modules/toidentifier
720 silly ADD node_modules/tinyglobby
721 silly ADD node_modules/three
722 silly ADD node_modules/tapable
723 silly ADD node_modules/tailwindcss
724 silly ADD node_modules/statuses
725 silly ADD node_modules/source-map-js
726 silly ADD node_modules/side-channel-weakmap
727 silly ADD node_modules/side-channel-map
728 silly ADD node_modules/side-channel-list
729 silly ADD node_modules/side-channel
730 silly ADD node_modules/setprototypeof
731 silly ADD node_modules/serve-static
732 silly ADD node_modules/send
733 silly ADD node_modules/send/node_modules/debug
734 silly ADD node_modules/send/node_modules/debug/node_modules/ms
735 silly ADD node_modules/semver
736 silly ADD node_modules/scheduler
737 silly ADD node_modules/safer-buffer
738 silly ADD node_modules/safe-buffer
739 silly ADD node_modules/rollup
740 silly ADD node_modules/retry
741 silly ADD node_modules/react-refresh
742 silly ADD node_modules/react-dom
743 silly ADD node_modules/react
744 silly ADD node_modules/raw-body
745 silly ADD node_modules/range-parser
746 silly ADD node_modules/qs
747 silly ADD node_modules/proxy-addr
748 silly ADD node_modules/protobufjs
749 silly ADD node_modules/postcss-value-parser
750 silly ADD node_modules/postcss
751 silly ADD node_modules/picomatch
752 silly ADD node_modules/picocolors
753 silly ADD node_modules/path-to-regexp
754 silly ADD node_modules/parseurl
755 silly ADD node_modules/p-retry
756 silly ADD node_modules/on-finished
757 silly ADD node_modules/object-inspect
758 silly ADD node_modules/node-releases
759 silly ADD node_modules/node-fetch
760 silly ADD node_modules/node-domexception
761 silly ADD node_modules/negotiator
762 silly ADD node_modules/nanoid
763 silly ADD node_modules/ms
764 silly ADD node_modules/motion-utils
765 silly ADD node_modules/motion-dom
766 silly ADD node_modules/motion
767 silly ADD node_modules/mime-types
768 silly ADD node_modules/mime-db
769 silly ADD node_modules/mime
770 silly ADD node_modules/methods
771 silly ADD node_modules/meshoptimizer
772 silly ADD node_modules/merge-descriptors
773 silly ADD node_modules/media-typer
774 silly ADD node_modules/math-intrinsics
775 silly ADD node_modules/magic-string
776 silly ADD node_modules/lucide-react
777 silly ADD node_modules/lru-cache
778 silly ADD node_modules/long
779 silly ADD node_modules/lightningcss-win32-x64-msvc
780 silly ADD node_modules/lightningcss
781 silly ADD node_modules/lenis
782 silly ADD node_modules/jws
783 silly ADD node_modules/jwa
784 silly ADD node_modules/json5
785 silly ADD node_modules/json-bigint
786 silly ADD node_modules/jsesc
787 silly ADD node_modules/js-tokens
788 silly ADD node_modules/jiti
789 silly ADD node_modules/ipaddr.js
790 silly ADD node_modules/inherits
791 silly ADD node_modules/iconv-lite
792 silly ADD node_modules/https-proxy-agent
793 silly ADD node_modules/http-errors
794 silly ADD node_modules/hasown
795 silly ADD node_modules/has-symbols
796 silly ADD node_modules/graceful-fs
797 silly ADD node_modules/gopd
798 silly ADD node_modules/google-logging-utils
799 silly ADD node_modules/google-auth-library
800 silly ADD node_modules/get-proto
801 silly ADD node_modules/get-intrinsic
802 silly ADD node_modules/gensync
803 silly ADD node_modules/gcp-metadata
804 silly ADD node_modules/gaxios
805 silly ADD node_modules/function-bind
806 silly ADD node_modules/fresh
807 silly ADD node_modules/framer-motion
808 silly ADD node_modules/fraction.js
809 silly ADD node_modules/forwarded
810 silly ADD node_modules/formdata-polyfill
811 silly ADD node_modules/finalhandler
812 silly ADD node_modules/finalhandler/node_modules/ms
813 silly ADD node_modules/finalhandler/node_modules/debug
814 silly ADD node_modules/fflate
815 silly ADD node_modules/fetch-blob
816 silly ADD node_modules/fdir
817 silly ADD node_modules/extend
818 silly ADD node_modules/express
819 silly ADD node_modules/express/node_modules/ms
820 silly ADD node_modules/express/node_modules/debug
821 silly ADD node_modules/etag
822 silly ADD node_modules/escape-html
823 silly ADD node_modules/escalade
824 silly ADD node_modules/esbuild
825 silly ADD node_modules/es-object-atoms
826 silly ADD node_modules/es-errors
827 silly ADD node_modules/es-define-property
828 silly ADD node_modules/enhanced-resolve
829 silly ADD node_modules/encodeurl
830 silly ADD node_modules/electron-to-chromium
831 silly ADD node_modules/ee-first
832 silly ADD node_modules/ecdsa-sig-formatter
833 silly ADD node_modules/dunder-proto
834 silly ADD node_modules/dotenv
835 silly ADD node_modules/detect-libc
836 silly ADD node_modules/destroy
837 silly ADD node_modules/depd
838 silly ADD node_modules/debug
839 silly ADD node_modules/data-uri-to-buffer
840 silly ADD node_modules/csstype
841 silly ADD node_modules/cookie-signature
842 silly ADD node_modules/cookie
843 silly ADD node_modules/convert-source-map
844 silly ADD node_modules/content-type
845 silly ADD node_modules/content-disposition
846 silly ADD node_modules/canvas-confetti
847 silly ADD node_modules/caniuse-lite
848 silly ADD node_modules/call-bound
849 silly ADD node_modules/call-bind-apply-helpers
850 silly ADD node_modules/bytes
851 silly ADD node_modules/buffer-equal-constant-time
852 silly ADD node_modules/browserslist
853 silly ADD node_modules/body-parser
854 silly ADD node_modules/body-parser/node_modules/ms
855 silly ADD node_modules/body-parser/node_modules/debug
856 silly ADD node_modules/bignumber.js
857 silly ADD node_modules/baseline-browser-mapping
858 silly ADD node_modules/base64-js
859 silly ADD node_modules/autoprefixer
860 silly ADD node_modules/array-flatten
861 silly ADD node_modules/agent-base
862 silly ADD node_modules/accepts
863 silly ADD node_modules/@vitejs/plugin-react
864 silly ADD node_modules/@types/webxr
865 silly ADD node_modules/@types/three
866 silly ADD node_modules/@types/stats.js
867 silly ADD node_modules/@types/serve-static
868 silly ADD node_modules/@types/serve-static/node_modules/@types/send
869 silly ADD node_modules/@types/send
870 silly ADD node_modules/@types/retry
871 silly ADD node_modules/@types/react-dom
872 silly ADD node_modules/@types/react
873 silly ADD node_modules/@types/range-parser
874 silly ADD node_modules/@types/qs
875 silly ADD node_modules/@types/node
876 silly ADD node_modules/@types/mime
877 silly ADD node_modules/@types/http-errors
878 silly ADD node_modules/@types/express-serve-static-core
879 silly ADD node_modules/@types/express
880 silly ADD node_modules/@types/estree
881 silly ADD node_modules/@types/connect
882 silly ADD node_modules/@types/canvas-confetti
883 silly ADD node_modules/@types/body-parser
884 silly ADD node_modules/@types/babel__traverse
885 silly ADD node_modules/@types/babel__template
886 silly ADD node_modules/@types/babel__generator
887 silly ADD node_modules/@types/babel__core
888 silly ADD node_modules/@tweenjs/tween.js
889 silly ADD node_modules/@tailwindcss/vite
890 silly ADD node_modules/@tailwindcss/oxide-win32-x64-msvc
891 silly ADD node_modules/@tailwindcss/oxide
892 silly ADD node_modules/@tailwindcss/node
893 silly ADD node_modules/@rollup/rollup-win32-x64-msvc
894 silly ADD node_modules/@rollup/rollup-win32-x64-gnu
895 silly ADD node_modules/@rolldown/pluginutils
896 silly ADD node_modules/@protobufjs/utf8
897 silly ADD node_modules/@protobufjs/pool
898 silly ADD node_modules/@protobufjs/path
899 silly ADD node_modules/@protobufjs/float
900 silly ADD node_modules/@protobufjs/fetch
901 silly ADD node_modules/@protobufjs/eventemitter
902 silly ADD node_modules/@protobufjs/codegen
903 silly ADD node_modules/@protobufjs/base64
904 silly ADD node_modules/@protobufjs/aspromise
905 silly ADD node_modules/@jridgewell/trace-mapping
906 silly ADD node_modules/@jridgewell/sourcemap-codec
907 silly ADD node_modules/@jridgewell/resolve-uri
908 silly ADD node_modules/@jridgewell/remapping
909 silly ADD node_modules/@jridgewell/gen-mapping
910 silly ADD node_modules/@google/genai
911 silly ADD node_modules/@esbuild/win32-x64
912 silly ADD node_modules/@dimforge/rapier3d-compat
913 silly ADD node_modules/@babel/types
914 silly ADD node_modules/@babel/traverse
915 silly ADD node_modules/@babel/template
916 silly ADD node_modules/@babel/plugin-transform-react-jsx-source
917 silly ADD node_modules/@babel/plugin-transform-react-jsx-self
918 silly ADD node_modules/@babel/parser
919 silly ADD node_modules/@babel/helpers
920 silly ADD node_modules/@babel/helper-validator-option
921 silly ADD node_modules/@babel/helper-validator-identifier
922 silly ADD node_modules/@babel/helper-string-parser
923 silly ADD node_modules/@babel/helper-plugin-utils
924 silly ADD node_modules/@babel/helper-module-transforms
925 silly ADD node_modules/@babel/helper-module-imports
926 silly ADD node_modules/@babel/helper-globals
927 silly ADD node_modules/@babel/helper-compilation-targets
928 silly ADD node_modules/@babel/generator
929 silly ADD node_modules/@babel/core
930 silly ADD node_modules/@babel/compat-data
931 silly ADD node_modules/@babel/code-frame
932 warn install-scripts 4 packages had install scripts blocked because they are not covered by allowScripts:
932 warn install-scripts   @google/genai@2.19.0 (preinstall: echo 'preinstall: no-op')
932 warn install-scripts   esbuild@0.25.12 (postinstall: node install.js)
932 warn install-scripts   protobufjs@7.6.6 (postinstall: node scripts/postinstall)
932 warn install-scripts   esbuild@0.28.2 (postinstall: node install.js)
932 warn install-scripts
932 warn install-scripts Run `npm install-scripts ls` to review, or `npm install-scripts approve <pkg>` to allow.
933 verbose cwd E:\Bhawa\royal-cut-saloon\source-code
934 verbose os Windows_NT 10.0.26200
935 verbose node v24.17.0
936 verbose npm  v12.0.2
937 verbose exit 0
938 info ok
